Entity,Code,Year,Share of the population with basic handwashing facilities
Afghanistan,AFG,2005,35.343674
Afghanistan,AFG,2006,35.424873
Afghanistan,AFG,2007,35.506866
Afghanistan,AFG,2008,35.58926
Afghanistan,AFG,2009,35.67205
Afghanistan,AFG,2010,36.807655
Afghanistan,AFG,2011,37.936028
Afghanistan,AFG,2012,39.056705
Afghanistan,AFG,2013,40.169632
Afghanistan,AFG,2014,41.274754
Afghanistan,AFG,2015,42.372295
Afghanistan,AFG,2016,43.461876
Afghanistan,AFG,2017,44.54639
Afghanistan,AFG,2018,45.62555
Afghanistan,AFG,2019,46.698284
Afghanistan,AFG,2020,47.76361
Afghanistan,AFG,2021,48.821293
Afghanistan,AFG,2022,49.87012
Afghanistan,AFG,2023,50.909424
Afghanistan,AFG,2024,51.938343
Africa (WHO),WHO_AFR,2011,24.317842
Africa (WHO),WHO_AFR,2012,25.219797
Africa (WHO),WHO_AFR,2013,25.77805
Africa (WHO),WHO_AFR,2014,24.835995
Africa (WHO),WHO_AFR,2015,24.98703
Africa (WHO),WHO_AFR,2016,25.496445
Africa (WHO),WHO_AFR,2017,25.874624
Africa (WHO),WHO_AFR,2018,26.231974
Africa (WHO),WHO_AFR,2019,26.614416
Africa (WHO),WHO_AFR,2020,26.87767
Africa (WHO),WHO_AFR,2021,26.203794
Africa (WHO),WHO_AFR,2022,26.60419
Africa (WHO),WHO_AFR,2023,28.457159
Africa (WHO),WHO_AFR,2024,29.062489
Algeria,DZA,2007,82.913795
Algeria,DZA,2008,83.02934
Algeria,DZA,2009,83.14181
Algeria,DZA,2010,83.25196
Algeria,DZA,2011,83.35933
Algeria,DZA,2012,83.523895
Algeria,DZA,2013,83.68204
Algeria,DZA,2014,83.83419
Algeria,DZA,2015,83.9802
Algeria,DZA,2016,84.12051
Algeria,DZA,2017,84.25496
Algeria,DZA,2018,84.38397
Algeria,DZA,2019,84.50756
Algeria,DZA,2020,84.625984
Algeria,DZA,2021,84.73937
Algeria,DZA,2022,84.80409
Algeria,DZA,2023,84.86692
Algeria,DZA,2024,84.92772
Angola,AGO,2010,34.49657
Angola,AGO,2011,34.687897
Angola,AGO,2012,34.877934
Angola,AGO,2013,35.06643
Angola,AGO,2014,35.253643
Angola,AGO,2015,35.43726
Angola,AGO,2016,35.617798
Angola,AGO,2017,35.794994
Angola,AGO,2018,35.96834
Angola,AGO,2019,36.138603
Angola,AGO,2020,36.30502
Angola,AGO,2021,36.46809
Angola,AGO,2022,36.627567
Angola,AGO,2023,36.78345
Angola,AGO,2024,36.935738
Armenia,ARM,2000,83.24601
Armenia,ARM,2001,83.81407
Armenia,ARM,2002,84.421776
Armenia,ARM,2003,85.04492
Armenia,ARM,2004,85.67044
Armenia,ARM,2005,86.29813
Armenia,ARM,2006,86.92842
Armenia,ARM,2007,87.5609
Armenia,ARM,2008,88.19595
Armenia,ARM,2009,88.83323
Armenia,ARM,2010,89.4729
Armenia,ARM,2011,90.11498
Armenia,ARM,2012,90.75946
Armenia,ARM,2013,91.40915
Armenia,ARM,2014,92.06319
Armenia,ARM,2015,92.7208
Armenia,ARM,2016,93.381004
Armenia,ARM,2017,94.04294
Armenia,ARM,2018,94.39591
Armenia,ARM,2019,94.4005
Armenia,ARM,2020,94.406654
Armenia,ARM,2021,94.41437
Armenia,ARM,2022,94.42366
Aruba,ABW,2013,98.60725
Aruba,ABW,2014,98.60725
Aruba,ABW,2015,98.60725
Aruba,ABW,2016,98.60725
Aruba,ABW,2017,98.60725
Aruba,ABW,2018,98.60725
Aruba,ABW,2019,98.60725
Aruba,ABW,2020,98.60725
Aruba,ABW,2021,98.60725
Aruba,ABW,2022,98.60725
Aruba,ABW,2023,98.60725
Aruba,ABW,2024,98.60725
Azerbaijan,AZE,2007,87.99324
Azerbaijan,AZE,2008,88.001205
Azerbaijan,AZE,2009,88.00917
Azerbaijan,AZE,2010,88.01777
Azerbaijan,AZE,2011,88.02697
Azerbaijan,AZE,2012,88.644905
Azerbaijan,AZE,2013,89.26219
Azerbaijan,AZE,2014,89.87868
Azerbaijan,AZE,2015,90.49426
Azerbaijan,AZE,2016,91.108826
Azerbaijan,AZE,2017,91.72226
Azerbaijan,AZE,2018,92.334465
Azerbaijan,AZE,2019,92.9453
Azerbaijan,AZE,2020,93.55467
Azerbaijan,AZE,2021,94.16245
Azerbaijan,AZE,2022,94.76858
Azerbaijan,AZE,2023,95.372894
Azerbaijan,AZE,2024,95.975334
Bahrain,BHR,2000,100
Bahrain,BHR,2001,100
Bahrain,BHR,2002,100
Bahrain,BHR,2003,100
Bahrain,BHR,2004,100
Bahrain,BHR,2005,100
Bahrain,BHR,2006,100
Bahrain,BHR,2007,100
Bahrain,BHR,2008,100
Bahrain,BHR,2009,100
Bahrain,BHR,2010,100
Bahrain,BHR,2011,100
Bahrain,BHR,2012,100
Bahrain,BHR,2013,100
Bahrain,BHR,2014,100
Bahrain,BHR,2015,100
Bahrain,BHR,2016,100
Bahrain,BHR,2017,100
Bahrain,BHR,2018,100
Bahrain,BHR,2019,100
Bahrain,BHR,2020,100
Bahrain,BHR,2021,100
Bahrain,BHR,2022,100
Bahrain,BHR,2023,100
Bahrain,BHR,2024,100
Bangladesh,BGD,2005,20.361534
Bangladesh,BGD,2006,20.552032
Bangladesh,BGD,2007,20.745758
Bangladesh,BGD,2008,20.942444
Bangladesh,BGD,2009,21.14182
Bangladesh,BGD,2010,24.609022
Bangladesh,BGD,2011,28.065742
Bangladesh,BGD,2012,31.5105
Bangladesh,BGD,2013,34.94223
Bangladesh,BGD,2014,38.36159
Bangladesh,BGD,2015,41.7676
Bangladesh,BGD,2016,45.16068
Bangladesh,BGD,2017,48.540375
Bangladesh,BGD,2018,51.906498
Bangladesh,BGD,2019,55.25907
Bangladesh,BGD,2020,58.598125
Bangladesh,BGD,2021,61.923355
Bangladesh,BGD,2022,65.23467
Bangladesh,BGD,2023,68.53234
Bangladesh,BGD,2024,71.81615
Barbados,BRB,2008,88.46935
Barbados,BRB,2009,88.46935
Barbados,BRB,2010,88.46935
Barbados,BRB,2011,88.46935
Barbados,BRB,2012,88.46935
Barbados,BRB,2013,88.46935
Barbados,BRB,2014,88.46935
Barbados,BRB,2015,88.46935
Barbados,BRB,2016,88.46935
Belize,BLZ,2005,81.67745
Belize,BLZ,2006,81.678375
Belize,BLZ,2007,81.6793
Belize,BLZ,2008,81.68021
Belize,BLZ,2009,81.68113
Belize,BLZ,2010,83.32554
Belize,BLZ,2011,84.31832
Belize,BLZ,2012,85.164764
Belize,BLZ,2013,86.0112
Belize,BLZ,2014,86.85826
Belize,BLZ,2015,87.70656
Belize,BLZ,2016,88.556725
Belize,BLZ,2017,89.40937
Belize,BLZ,2018,90.2651
Belize,BLZ,2019,90.26999
Belize,BLZ,2020,90.27548
Belize,BLZ,2021,90.28156
Belize,BLZ,2022,90.28829
Benin,BEN,2000,2.2003715
Benin,BEN,2001,2.3806055
Benin,BEN,2002,2.5680366
Benin,BEN,2003,3.0145926
Benin,BEN,2004,3.4849477
Benin,BEN,2005,3.9550667
Benin,BEN,2006,4.4250135
Benin,BEN,2007,4.8948507
Benin,BEN,2008,5.3645115
Benin,BEN,2009,5.833866
Benin,BEN,2010,6.303042
Benin,BEN,2011,6.772037
Benin,BEN,2012,7.24085
Benin,BEN,2013,7.7093525
Benin,BEN,2014,8.177983
Benin,BEN,2015,8.646611
Benin,BEN,2016,9.115232
Benin,BEN,2017,9.583841
Benin,BEN,2018,10.052434
Benin,BEN,2019,10.521007
Benin,BEN,2020,10.989553
Benin,BEN,2021,11.457949
Benin,BEN,2022,11.926312
Benin,BEN,2023,12.394578
Benin,BEN,2024,12.862683
Bhutan,BTN,2004,76.97309
Bhutan,BTN,2005,77.10703
Bhutan,BTN,2006,77.19557
Bhutan,BTN,2007,77.2853
Bhutan,BTN,2008,77.37622
Bhutan,BTN,2009,78.552284
Bhutan,BTN,2010,79.71521
Bhutan,BTN,2011,80.864746
Bhutan,BTN,2012,81.99943
Bhutan,BTN,2013,83.119255
Bhutan,BTN,2014,84.224396
Bhutan,BTN,2015,85.31509
Bhutan,BTN,2016,86.391525
Bhutan,BTN,2017,87.45396
Bhutan,BTN,2018,88.50266
Bhutan,BTN,2019,89.537964
Bhutan,BTN,2020,90.56013
Bhutan,BTN,2021,91.56952
Bhutan,BTN,2022,92.56646
Bhutan,BTN,2023,93.55135
Bhutan,BTN,2024,94.52457
Bolivia,BOL,2010,26.670973
Bolivia,BOL,2011,26.7029
Bolivia,BOL,2012,26.734612
Bolivia,BOL,2013,26.762224
Bolivia,BOL,2014,26.787249
Bolivia,BOL,2015,26.812128
Bolivia,BOL,2016,26.836937
Bolivia,BOL,2017,26.861528
Bolivia,BOL,2018,26.886337
Bolivia,BOL,2019,26.91136
Bolivia,BOL,2020,26.93653
Bolivia,BOL,2021,26.96184
Bolivia,BOL,2022,26.987368
Bolivia,BOL,2023,27.012966
Bolivia,BOL,2024,27.038782
Bosnia and Herzegovina,BIH,2008,97.194824
Bosnia and Herzegovina,BIH,2009,97.20296
Bosnia and Herzegovina,BIH,2010,97.21109
Bosnia and Herzegovina,BIH,2011,97.21925
Bosnia and Herzegovina,BIH,2012,97.22743
Bosnia and Herzegovina,BIH,2013,97.23559
Bosnia and Herzegovina,BIH,2014,97.243774
Bosnia and Herzegovina,BIH,2015,97.25226
Bosnia and Herzegovina,BIH,2016,97.261055
Burkina Faso,BFA,2000,2.8801856
Burkina Faso,BFA,2001,2.9925265
Burkina Faso,BFA,2002,3.2778263
Burkina Faso,BFA,2003,3.579338
Burkina Faso,BFA,2004,3.8981538
Burkina Faso,BFA,2005,4.754773
Burkina Faso,BFA,2006,5.9854364
Burkina Faso,BFA,2007,7.1851945
Burkina Faso,BFA,2008,8.3598995
Burkina Faso,BFA,2009,9.533111
Burkina Faso,BFA,2010,10.705128
Burkina Faso,BFA,2011,11.875883
Burkina Faso,BFA,2012,13.045135
Burkina Faso,BFA,2013,14.212821
Burkina Faso,BFA,2014,15.379049
Burkina Faso,BFA,2015,16.543583
Burkina Faso,BFA,2016,17.706362
Burkina Faso,BFA,2017,18.866848
Burkina Faso,BFA,2018,20.02516
Burkina Faso,BFA,2019,21.181404
Burkina Faso,BFA,2020,22.335224
Burkina Faso,BFA,2021,23.486732
Burkina Faso,BFA,2022,24.635588
Burkina Faso,BFA,2023,25.782047
Burkina Faso,BFA,2024,25.87502
Burundi,BDI,2004,5.87484
Burundi,BDI,2005,5.9230647
Burundi,BDI,2006,5.972516
Burundi,BDI,2007,6.0229893
Burundi,BDI,2008,6.074892
Burundi,BDI,2009,6.0874367
Burundi,BDI,2010,6.0991287
Burundi,BDI,2011,6.109665
Burundi,BDI,2012,6.1187625
Burundi,BDI,2013,6.12688
Burundi,BDI,2014,6.1333613
Burundi,BDI,2015,6.1384664
Burundi,BDI,2016,6.142083
Burundi,BDI,2017,6.144099
Burundi,BDI,2018,6.144402
Burundi,BDI,2019,6.14288
Burundi,BDI,2020,6.1951756
Burundi,BDI,2021,6.2486944
Burundi,BDI,2022,6.30359
Burundi,BDI,2023,6.359708
Cambodia,KHM,2008,60.630447
Cambodia,KHM,2009,60.74774
Cambodia,KHM,2010,60.866673
Cambodia,KHM,2011,60.987236
Cambodia,KHM,2012,61.109432
Cambodia,KHM,2013,63.378914
Cambodia,KHM,2014,65.63185
Cambodia,KHM,2015,67.86757
Cambodia,KHM,2016,70.08569
Cambodia,KHM,2017,72.28565
Cambodia,KHM,2018,74.46827
Cambodia,KHM,2019,76.632645
Cambodia,KHM,2020,78.77827
Cambodia,KHM,2021,80.904305
Cambodia,KHM,2022,83.0102
Cambodia,KHM,2023,85.09522
Cambodia,KHM,2024,87.158615
Cameroon,CMR,2013,36.803745
Cameroon,CMR,2014,36.895695
Cameroon,CMR,2015,36.98749
Cameroon,CMR,2016,37.079136
Cameroon,CMR,2017,37.170322
Cameroon,CMR,2018,37.261356
Cameroon,CMR,2019,37.351933
Cameroon,CMR,2020,37.442207
Cameroon,CMR,2021,37.531868
Cameroon,CMR,2022,37.621075
Cameroon,CMR,2023,37.70982
Cameroon,CMR,2024,37.797806
Cape Verde,CPV,2019,60.121563
Cape Verde,CPV,2020,60.276375
Cape Verde,CPV,2021,60.42881
Cape Verde,CPV,2022,60.57888
Cape Verde,CPV,2023,60.726913
Cape Verde,CPV,2024,60.872578
Central African Republic,CAF,2004,15.769229
Central African Republic,CAF,2005,15.77616
Central African Republic,CAF,2006,15.784505
Central African Republic,CAF,2007,15.794331
Central African Republic,CAF,2008,15.805569
Central African Republic,CAF,2009,16.227972
Central African Republic,CAF,2010,16.657211
Central African Republic,CAF,2011,17.094023
Central African Republic,CAF,2012,17.539324
Central African Republic,CAF,2013,17.993961
Central African Republic,CAF,2014,18.45863
Central African Republic,CAF,2015,18.93429
Central African Republic,CAF,2016,19.421951
Central African Republic,CAF,2017,19.92213
Central African Republic,CAF,2018,20.435827
Central African Republic,CAF,2019,20.963879
Central African Republic,CAF,2020,21.50713
Central African Republic,CAF,2021,22.066422
Central African Republic,CAF,2022,22.176414
Central African Republic,CAF,2023,22.291534
Central African Republic,CAF,2024,22.411781
Central and Southern Asia (UN SDG),UNSDG_CSA,2010,52.486862
Central and Southern Asia (UN SDG),UNSDG_CSA,2011,53.175518
Central and Southern Asia (UN SDG),UNSDG_CSA,2012,53.966785
Central and Southern Asia (UN SDG),UNSDG_CSA,2013,55.22028
Central and Southern Asia (UN SDG),UNSDG_CSA,2014,56.00183
Central and Southern Asia (UN SDG),UNSDG_CSA,2015,59.499676
Central and Southern Asia (UN SDG),UNSDG_CSA,2016,62.98326
Central and Southern Asia (UN SDG),UNSDG_CSA,2017,66.444595
Central and Southern Asia (UN SDG),UNSDG_CSA,2018,69.70735
Central and Southern Asia (UN SDG),UNSDG_CSA,2019,73.12435
Central and Southern Asia (UN SDG),UNSDG_CSA,2020,76.3881
Central and Southern Asia (UN SDG),UNSDG_CSA,2021,79.76315
Central and Southern Asia (UN SDG),UNSDG_CSA,2022,83.11726
Central and Southern Asia (UN SDG),UNSDG_CSA,2023,86.1097
Central and Southern Asia (UN SDG),UNSDG_CSA,2024,86.52793
Chad,TCD,2004,14.659388
Chad,TCD,2005,14.670127
Chad,TCD,2006,14.680867
Chad,TCD,2007,14.691933
Chad,TCD,2008,14.702672
Chad,TCD,2009,15.580032
Chad,TCD,2010,16.461512
Chad,TCD,2011,17.346188
Chad,TCD,2012,18.2334
Chad,TCD,2013,19.121935
Chad,TCD,2014,20.010872
Chad,TCD,2015,20.899498
Chad,TCD,2016,21.786839
Chad,TCD,2017,22.671925
Chad,TCD,2018,23.553934
Chad,TCD,2019,24.431713
Chad,TCD,2020,25.304527
Chad,TCD,2021,26.1712
Chad,TCD,2022,26.200474
Chad,TCD,2023,26.231928
Chad,TCD,2024,26.265663
China,CHN,2017,97.0388
China,CHN,2018,97.07456
China,CHN,2019,97.10924
China,CHN,2020,97.14284
China,CHN,2021,97.17536
China,CHN,2022,97.2068
China,CHN,2023,97.2371
China,CHN,2024,97.26632
Colombia,COL,2011,68.468925
Colombia,COL,2012,68.6349
Colombia,COL,2013,68.79816
Colombia,COL,2014,68.95869
Colombia,COL,2015,69.11695
Colombia,COL,2016,69.27295
Colombia,COL,2017,69.42622
Colombia,COL,2018,69.57678
Colombia,COL,2019,69.72461
Colombia,COL,2020,69.87018
Colombia,COL,2021,70.01302
Colombia,COL,2022,70.1536
Colombia,COL,2023,70.29145
Colombia,COL,2024,70.42659
Comoros,COM,2006,12.380066
Comoros,COM,2007,12.380159
Comoros,COM,2008,12.380604
Comoros,COM,2009,12.381422
Comoros,COM,2010,12.382637
Comoros,COM,2011,13.969557
Comoros,COM,2012,15.557581
Comoros,COM,2013,17.146955
Comoros,COM,2014,18.737825
Comoros,COM,2015,20.330477
Comoros,COM,2016,21.925133
Comoros,COM,2017,23.521965
Comoros,COM,2018,25.121185
Comoros,COM,2019,26.72313
Comoros,COM,2020,28.327969
Comoros,COM,2021,29.935926
Comoros,COM,2022,31.547304
Comoros,COM,2023,33.162254
Comoros,COM,2024,34.78109
Congo,COG,2011,47.29613
Congo,COG,2012,47.407185
Congo,COG,2013,47.518482
Congo,COG,2014,47.62978
Congo,COG,2015,47.741077
Congo,COG,2016,47.85237
Congo,COG,2017,47.963673
Congo,COG,2018,48.074726
Congo,COG,2019,48.18578
Costa Rica,CRI,2005,83.37774
Costa Rica,CRI,2006,83.38815
Costa Rica,CRI,2007,83.39837
Costa Rica,CRI,2008,83.4084
Costa Rica,CRI,2009,83.418175
Costa Rica,CRI,2010,83.6274
Costa Rica,CRI,2011,83.841354
Costa Rica,CRI,2012,84.05945
Costa Rica,CRI,2013,84.28134
Costa Rica,CRI,2014,84.5067
Costa Rica,CRI,2015,84.73524
Costa Rica,CRI,2016,84.96667
Costa Rica,CRI,2017,85.20069
Costa Rica,CRI,2018,85.43706
Costa Rica,CRI,2019,85.675514
Costa Rica,CRI,2020,85.91587
Costa Rica,CRI,2021,85.937
Costa Rica,CRI,2022,85.95693
Costa Rica,CRI,2023,85.97567
Costa Rica,CRI,2024,85.99328
Cote d'Ivoire,CIV,2006,14.772064
Cote d'Ivoire,CIV,2007,14.844236
Cote d'Ivoire,CIV,2008,14.91658
Cote d'Ivoire,CIV,2009,14.988751
Cote d'Ivoire,CIV,2010,15.061095
Cote d'Ivoire,CIV,2011,15.702218
Cote d'Ivoire,CIV,2012,16.345905
Cote d'Ivoire,CIV,2013,16.992157
Cote d'Ivoire,CIV,2014,17.640974
Cote d'Ivoire,CIV,2015,18.29404
Cote d'Ivoire,CIV,2016,18.951063
Cote d'Ivoire,CIV,2017,19.612295
Cote d'Ivoire,CIV,2018,20.277811
Cote d'Ivoire,CIV,2019,20.947483
Cote d'Ivoire,CIV,2020,21.621376
Cote d'Ivoire,CIV,2021,21.717459
Cote d'Ivoire,CIV,2022,21.814959
Cote d'Ivoire,CIV,2023,21.91388
Cote d'Ivoire,CIV,2024,22.01422
Cuba,CUB,2008,82.79433
Cuba,CUB,2009,82.80651
Cuba,CUB,2010,82.8187
Cuba,CUB,2011,82.830894
Cuba,CUB,2012,82.84308
Cuba,CUB,2013,84.01483
Cuba,CUB,2014,85.184494
Cuba,CUB,2015,86.3538
Cuba,CUB,2016,87.522484
Cuba,CUB,2017,88.69195
Cuba,CUB,2018,89.861916
Cuba,CUB,2019,91.032005
Cuba,CUB,2020,92.20206
Cuba,CUB,2021,93.37177
Cuba,CUB,2022,93.37922
Cuba,CUB,2023,93.38755
Cuba,CUB,2024,93.3967
Democratic Republic of Congo,COD,2014,18.654589
Democratic Republic of Congo,COD,2015,18.738508
Democratic Republic of Congo,COD,2016,18.823477
Democratic Republic of Congo,COD,2017,18.909344
Democratic Republic of Congo,COD,2018,18.99626
Democratic Republic of Congo,COD,2019,19.084076
Democratic Republic of Congo,COD,2020,19.172792
Democratic Republic of Congo,COD,2021,19.262259
Democratic Republic of Congo,COD,2022,19.35247
Djibouti,DJI,2019,50.329082
Djibouti,DJI,2020,50.402138
Djibouti,DJI,2021,50.479176
Djibouti,DJI,2022,50.56019
Djibouti,DJI,2023,50.645676
Djibouti,DJI,2024,50.735134
Dominican Republic,DOM,2008,52.78424
Dominican Republic,DOM,2009,52.984886
Dominican Republic,DOM,2010,53.18052
Dominican Republic,DOM,2011,53.354023
Dominican Republic,DOM,2012,53.51153
Dominican Republic,DOM,2013,52.93034
Dominican Republic,DOM,2014,52.348442
Dominican Republic,DOM,2015,51.765854
Dominican Republic,DOM,2016,51.182262
Dominican Republic,DOM,2017,50.59701
Dominican Republic,DOM,2018,50.00734
Dominican Republic,DOM,2019,49.41317
Dominican Republic,DOM,2020,48.814438
Dominican Republic,DOM,2021,48.21144
Dominican Republic,DOM,2022,48.324856
Dominican Republic,DOM,2023,48.43166
Dominican Republic,DOM,2024,48.532574
East Timor,TLS,2012,27.809029
East Timor,TLS,2013,27.88167
East Timor,TLS,2014,27.95493
East Timor,TLS,2015,28.02881
East Timor,TLS,2016,28.103313
East Timor,TLS,2017,28.17823
East Timor,TLS,2018,28.253973
East Timor,TLS,2019,28.330338
East Timor,TLS,2020,28.40753
Eastern Mediterranean (WHO),WHO_EMR,2007,62.43238
Eastern Mediterranean (WHO),WHO_EMR,2008,62.770706
Eastern Mediterranean (WHO),WHO_EMR,2009,63.16248
Eastern Mediterranean (WHO),WHO_EMR,2010,64.716805
Eastern Mediterranean (WHO),WHO_EMR,2011,65.174774
Eastern Mediterranean (WHO),WHO_EMR,2012,67.11937
Eastern Mediterranean (WHO),WHO_EMR,2013,68.88536
Eastern Mediterranean (WHO),WHO_EMR,2014,70.48596
Eastern Mediterranean (WHO),WHO_EMR,2015,72.18491
Eastern Mediterranean (WHO),WHO_EMR,2016,74.525635
Eastern Mediterranean (WHO),WHO_EMR,2017,76.13136
Eastern Mediterranean (WHO),WHO_EMR,2018,77.665
Eastern Mediterranean (WHO),WHO_EMR,2019,79.22777
Eastern Mediterranean (WHO),WHO_EMR,2020,80.74036
Eastern Mediterranean (WHO),WHO_EMR,2021,82.21041
Eastern Mediterranean (WHO),WHO_EMR,2022,83.70704
Eastern Mediterranean (WHO),WHO_EMR,2023,84.2711
Eastern Mediterranean (WHO),WHO_EMR,2024,84.568985
Eastern and South-Eastern Asia (UN SDG),UNSDG_ESEA,2017,92.102905
Eastern and South-Eastern Asia (UN SDG),UNSDG_ESEA,2018,92.36129
Eastern and South-Eastern Asia (UN SDG),UNSDG_ESEA,2019,92.61583
Eastern and South-Eastern Asia (UN SDG),UNSDG_ESEA,2020,92.86808
Eastern and South-Eastern Asia (UN SDG),UNSDG_ESEA,2021,93.14782
Eastern and South-Eastern Asia (UN SDG),UNSDG_ESEA,2022,93.39262
Eastern and South-Eastern Asia (UN SDG),UNSDG_ESEA,2023,93.633385
Eastern and South-Eastern Asia (UN SDG),UNSDG_ESEA,2024,93.86264
Ecuador,ECU,2010,83.856865
Ecuador,ECU,2011,83.88151
Ecuador,ECU,2012,83.90248
Ecuador,ECU,2013,83.923454
Ecuador,ECU,2014,83.944275
Ecuador,ECU,2015,84.74491
Ecuador,ECU,2016,85.54418
Ecuador,ECU,2017,86.34225
Ecuador,ECU,2018,87.14113
Ecuador,ECU,2019,87.9405
Ecuador,ECU,2020,88.740295
Ecuador,ECU,2021,89.54033
Ecuador,ECU,2022,90.34026
Ecuador,ECU,2023,91.13981
Ecuador,ECU,2024,91.93901
Egypt,EGY,2000,67.62325
Egypt,EGY,2001,68.66756
Egypt,EGY,2002,69.71038
Egypt,EGY,2003,70.751724
Egypt,EGY,2004,71.79157
Egypt,EGY,2005,72.82994
Egypt,EGY,2006,73.86682
Egypt,EGY,2007,74.892784
Egypt,EGY,2008,75.91322
Egypt,EGY,2009,76.93451
Egypt,EGY,2010,77.95623
Egypt,EGY,2011,78.97876
Egypt,EGY,2012,79.996666
Egypt,EGY,2013,81.01645
Egypt,EGY,2014,82.037834
Egypt,EGY,2015,83.06095
Egypt,EGY,2016,84.0859
Egypt,EGY,2017,85.11435
Egypt,EGY,2018,86.14504
Egypt,EGY,2019,87.17675
Egypt,EGY,2020,88.208176
Egypt,EGY,2021,89.23801
Egypt,EGY,2022,90.26498
Egypt,EGY,2023,91.28778
Egypt,EGY,2024,92.305176
El Salvador,SLV,2008,90.627716
El Salvador,SLV,2009,90.694084
El Salvador,SLV,2010,90.75972
El Salvador,SLV,2011,90.824684
El Salvador,SLV,2012,90.888824
El Salvador,SLV,2013,90.70328
El Salvador,SLV,2014,90.50606
El Salvador,SLV,2015,90.29732
El Salvador,SLV,2016,90.07666
El Salvador,SLV,2017,89.8445
El Salvador,SLV,2018,89.60138
El Salvador,SLV,2019,89.34785
El Salvador,SLV,2020,89.08438
El Salvador,SLV,2021,88.811485
El Salvador,SLV,2022,88.52962
El Salvador,SLV,2023,88.239265
El Salvador,SLV,2024,88.24117
Equatorial Guinea,GNQ,2007,23.637602
Equatorial Guinea,GNQ,2008,23.738459
Equatorial Guinea,GNQ,2009,23.837353
Equatorial Guinea,GNQ,2010,23.934347
Equatorial Guinea,GNQ,2011,24.029257
Equatorial Guinea,GNQ,2012,24.12196
Equatorial Guinea,GNQ,2013,24.155313
Equatorial Guinea,GNQ,2014,24.188358
Equatorial Guinea,GNQ,2015,24.221037
Eswatini,SWZ,2004,21.239155
Eswatini,SWZ,2005,21.192368
Eswatini,SWZ,2006,21.145582
Eswatini,SWZ,2007,21.115976
Eswatini,SWZ,2008,21.194927
Eswatini,SWZ,2009,22.381105
Eswatini,SWZ,2010,23.561008
Eswatini,SWZ,2011,24.734911
Eswatini,SWZ,2012,25.880487
Eswatini,SWZ,2013,27.021816
Eswatini,SWZ,2014,28.158577
Eswatini,SWZ,2015,29.291025
Eswatini,SWZ,2016,30.420826
Eswatini,SWZ,2017,31.547382
Eswatini,SWZ,2018,32.67059
Eswatini,SWZ,2019,33.79008
Eswatini,SWZ,2020,34.90549
Eswatini,SWZ,2021,36.016453
Eswatini,SWZ,2022,37.122757
Eswatini,SWZ,2023,38.223717
Eswatini,SWZ,2024,39.319256
Ethiopia,ETH,2010,8.369864
Ethiopia,ETH,2011,8.446136
Ethiopia,ETH,2012,8.524059
Ethiopia,ETH,2013,8.600148
Ethiopia,ETH,2014,8.677704
Ethiopia,ETH,2015,8.4207535
Ethiopia,ETH,2016,8.158608
Ethiopia,ETH,2017,7.890767
Ethiopia,ETH,2018,7.617551
Ethiopia,ETH,2019,7.3387547
Ethiopia,ETH,2020,7.054035
Ethiopia,ETH,2021,6.7633395
Ethiopia,ETH,2022,6.466341
Ethiopia,ETH,2023,6.1629715
Ethiopia,ETH,2024,5.852918
Fiji,FJI,2017,86.255226
Fiji,FJI,2018,86.310814
Fiji,FJI,2019,86.36596
Fiji,FJI,2020,86.42056
Fiji,FJI,2021,86.474724
Fiji,FJI,2022,86.52844
Fiji,FJI,2023,86.58161
Fiji,FJI,2024,86.63424
Gabon,GAB,2017,47.749146
Gabon,GAB,2018,47.82049
Gabon,GAB,2019,47.88768
Gabon,GAB,2020,47.951244
Gabon,GAB,2021,48.01118
Gabon,GAB,2022,48.067684
Gabon,GAB,2023,48.120926
Gabon,GAB,2024,48.17127
Gambia,GMB,2012,12.835876
Gambia,GMB,2013,12.8471575
Gambia,GMB,2014,12.858329
Gambia,GMB,2015,12.869373
Gambia,GMB,2016,12.88026
Gambia,GMB,2017,12.891006
Gambia,GMB,2018,12.901593
Gambia,GMB,2019,12.912024
Gambia,GMB,2020,12.922296
Gambia,GMB,2021,12.932393
Gambia,GMB,2022,12.942334
Gambia,GMB,2023,12.952117
Gambia,GMB,2024,12.96171
Georgia,GEO,2014,91.52625
Georgia,GEO,2015,91.55351
Georgia,GEO,2016,91.581345
Georgia,GEO,2017,91.609535
Georgia,GEO,2018,91.63822
Georgia,GEO,2019,91.66734
Georgia,GEO,2020,91.69696
Georgia,GEO,2021,91.726944
Georgia,GEO,2022,91.75735
Ghana,GHA,2011,39.84986
Ghana,GHA,2012,39.894577
Ghana,GHA,2013,39.939026
Ghana,GHA,2014,39.983215
Ghana,GHA,2015,40.027138
Ghana,GHA,2016,40.53793
Ghana,GHA,2017,41.073395
Ghana,GHA,2018,41.63325
Ghana,GHA,2019,42.217068
Ghana,GHA,2020,42.824665
Ghana,GHA,2021,43.455578
Ghana,GHA,2022,44.109463
Ghana,GHA,2023,44.785763
Ghana,GHA,2024,45.484077
Guatemala,GTM,2011,76.40238
Guatemala,GTM,2012,76.44214
Guatemala,GTM,2013,76.48348
Guatemala,GTM,2014,76.52643
Guatemala,GTM,2015,76.571236
Guatemala,GTM,2016,76.61751
Guatemala,GTM,2017,76.665504
Guatemala,GTM,2018,76.71523
Guatemala,GTM,2019,76.76642
Guinea,GIN,2014,20.06778
Guinea,GIN,2015,20.128984
Guinea,GIN,2016,20.193
Guinea,GIN,2017,20.259827
Guinea,GIN,2018,20.32946
Guinea,GIN,2019,20.401705
Guinea,GIN,2020,20.47696
Guinea,GIN,2021,20.555023
Guinea,GIN,2022,20.636095
Guinea-Bissau,GNB,2004,0.6678185
Guinea-Bissau,GNB,2005,0.6746254
Guinea-Bissau,GNB,2006,0.68148535
Guinea-Bissau,GNB,2007,0.68836296
Guinea-Bissau,GNB,2008,0.69527596
Guinea-Bissau,GNB,2009,1.4635681
Guinea-Bissau,GNB,2010,2.9586148
Guinea-Bissau,GNB,2011,4.457287
Guinea-Bissau,GNB,2012,5.959658
Guinea-Bissau,GNB,2013,7.465718
Guinea-Bissau,GNB,2014,8.975549
Guinea-Bissau,GNB,2015,10.489191
Guinea-Bissau,GNB,2016,12.0066185
Guinea-Bissau,GNB,2017,13.527861
Guinea-Bissau,GNB,2018,15.053018
Guinea-Bissau,GNB,2019,16.58205
Guinea-Bissau,GNB,2020,18.114985
Guinea-Bissau,GNB,2021,19.65185
Guinea-Bissau,GNB,2022,19.689093
Guinea-Bissau,GNB,2023,19.726423
Guinea-Bissau,GNB,2024,19.76393
Guyana,GUY,2008,75.8879
Guyana,GUY,2009,75.891685
Guyana,GUY,2010,75.895454
Guyana,GUY,2011,75.89921
Guyana,GUY,2012,75.89921
Guyana,GUY,2013,76.66101
Guyana,GUY,2014,77.42244
Guyana,GUY,2015,78.18329
Guyana,GUY,2016,78.94329
Guyana,GUY,2017,79.70218
Guyana,GUY,2018,80.45984
Guyana,GUY,2019,81.21593
Guyana,GUY,2020,81.97023
Guyana,GUY,2021,82.72253
Guyana,GUY,2022,83.47258
Guyana,GUY,2023,83.46251
Guyana,GUY,2024,83.45145
Haiti,HTI,2006,24.183151
Haiti,HTI,2007,24.323584
Haiti,HTI,2008,24.465029
Haiti,HTI,2009,24.606476
Haiti,HTI,2010,24.748499
Haiti,HTI,2011,24.495455
Haiti,HTI,2012,24.237505
Haiti,HTI,2013,23.974083
Haiti,HTI,2014,23.705614
Haiti,HTI,2015,23.431822
Haiti,HTI,2016,23.15104
Haiti,HTI,2017,22.862745
Haiti,HTI,2018,22.567215
Haiti,HTI,2019,22.264591
Haiti,HTI,2020,22.373043
Haiti,HTI,2021,22.479074
Haiti,HTI,2022,22.582685
Haiti,HTI,2023,22.683874
Honduras,HND,2006,83.46549
Honduras,HND,2007,83.51938
Honduras,HND,2008,83.57335
Honduras,HND,2009,83.62716
Honduras,HND,2010,83.681046
Honduras,HND,2011,83.8396
Honduras,HND,2012,83.989746
Honduras,HND,2013,84.1312
Honduras,HND,2014,84.264206
Honduras,HND,2015,84.38849
Honduras,HND,2016,84.50426
Honduras,HND,2017,84.61151
Honduras,HND,2018,84.71031
Honduras,HND,2019,84.80076
Honduras,HND,2020,84.882935
Honduras,HND,2021,84.95694
Honduras,HND,2022,84.96356
Honduras,HND,2023,84.97011
Honduras,HND,2024,84.9766
India,IND,2010,54.199078
India,IND,2011,54.304638
India,IND,2012,54.413853
India,IND,2013,54.526424
India,IND,2014,54.64266
India,IND,2015,58.597107
India,IND,2016,62.536964
India,IND,2017,66.461655
India,IND,2018,70.370094
India,IND,2019,74.26146
India,IND,2020,78.13495
India,IND,2021,81.98988
India,IND,2022,85.82528
India,IND,2023,89.64042
India,IND,2024,89.69187
Indonesia,IDN,2006,74.93874
Indonesia,IDN,2007,75.087524
Indonesia,IDN,2008,75.23686
Indonesia,IDN,2009,75.38602
Indonesia,IDN,2010,75.531624
Indonesia,IDN,2011,75.92297
Indonesia,IDN,2012,76.300964
Indonesia,IDN,2013,76.66526
Indonesia,IDN,2014,77.01637
Indonesia,IDN,2015,77.35385
Indonesia,IDN,2016,77.677765
Indonesia,IDN,2017,77.9877
Indonesia,IDN,2018,78.28405
Indonesia,IDN,2019,78.56673
Indonesia,IDN,2020,78.83609
Indonesia,IDN,2021,79.092026
Indonesia,IDN,2022,79.33487
Indonesia,IDN,2023,79.56472
Indonesia,IDN,2024,79.781746
Iraq,IRQ,2005,89.4732
Iraq,IRQ,2006,89.482445
Iraq,IRQ,2007,89.49187
Iraq,IRQ,2008,89.50129
Iraq,IRQ,2009,89.51053
Iraq,IRQ,2010,90.24501
Iraq,IRQ,2011,90.981804
Iraq,IRQ,2012,91.71345
Iraq,IRQ,2013,92.44
Iraq,IRQ,2014,93.16159
Iraq,IRQ,2015,93.87823
Iraq,IRQ,2016,94.59059
Iraq,IRQ,2017,95.29828
Iraq,IRQ,2018,96.000786
Iraq,IRQ,2019,96.69759
Iraq,IRQ,2020,97.388245
Iraq,IRQ,2021,97.38989
Iraq,IRQ,2022,97.39161
Iraq,IRQ,2023,97.393394
Iraq,IRQ,2024,97.395256
Jamaica,JAM,2018,70.34123
Jamaica,JAM,2019,70.346176
Jamaica,JAM,2020,70.351364
Jamaica,JAM,2021,70.35679
Jamaica,JAM,2022,70.36246
Jamaica,JAM,2023,70.36834
Jamaica,JAM,2024,70.37446
Kazakhstan,KAZ,2011,99.00667
Kazakhstan,KAZ,2012,99.00703
Kazakhstan,KAZ,2013,99.007385
Kazakhstan,KAZ,2014,99.007744
Kazakhstan,KAZ,2015,99.0081
Kazakhstan,KAZ,2016,99.00847
Kazakhstan,KAZ,2017,99.00882
Kazakhstan,KAZ,2018,99.00927
Kazakhstan,KAZ,2019,99.00983
Kenya,KEN,2011,15.180278
Kenya,KEN,2012,15.184908
Kenya,KEN,2013,15.189664
Kenya,KEN,2014,15.194522
Kenya,KEN,2015,15.199493
Kenya,KEN,2016,19.769085
Kenya,KEN,2017,24.369154
Kenya,KEN,2018,29.000813
Kenya,KEN,2019,33.664867
Kenya,KEN,2020,38.36257
Kenya,KEN,2021,43.09481
Kenya,KEN,2022,47.862823
Kenya,KEN,2023,52.66715
Kenya,KEN,2024,57.509315
Kiribati,KIR,2013,61.658398
Kiribati,KIR,2014,61.710583
Kiribati,KIR,2015,61.76277
Kiribati,KIR,2016,61.814034
Kiribati,KIR,2017,61.864124
Kiribati,KIR,2018,61.913162
Kiribati,KIR,2019,61.961155
Kiribati,KIR,2020,62.007977
Kiribati,KIR,2021,62.053684
Kiribati,KIR,2022,62.098286
Kiribati,KIR,2023,62.141712
Kiribati,KIR,2024,62.18403
Kyrgyzstan,KGZ,2006,87.1268
Kyrgyzstan,KGZ,2007,87.126625
Kyrgyzstan,KGZ,2008,87.12645
Kyrgyzstan,KGZ,2009,87.126366
Kyrgyzstan,KGZ,2010,87.128265
Kyrgyzstan,KGZ,2011,87.854744
Kyrgyzstan,KGZ,2012,88.58249
Kyrgyzstan,KGZ,2013,89.310905
Kyrgyzstan,KGZ,2014,90.03961
Kyrgyzstan,KGZ,2015,90.768166
Kyrgyzstan,KGZ,2016,91.49616
Kyrgyzstan,KGZ,2017,92.22308
Kyrgyzstan,KGZ,2018,92.94853
Kyrgyzstan,KGZ,2019,93.67199
Kyrgyzstan,KGZ,2020,94.393036
Kyrgyzstan,KGZ,2021,95.111206
Kyrgyzstan,KGZ,2022,95.82602
Kyrgyzstan,KGZ,2023,96.53702
Kyrgyzstan,KGZ,2024,97.24373
Laos,LAO,2011,51.76486
Laos,LAO,2012,51.949234
Laos,LAO,2013,52.134823
Laos,LAO,2014,52.322556
Laos,LAO,2015,52.51212
Laos,LAO,2016,53.812473
Laos,LAO,2017,55.096516
Laos,LAO,2018,56.364086
Laos,LAO,2019,57.615265
Laos,LAO,2020,58.84961
Laos,LAO,2021,60.066956
Laos,LAO,2022,61.26713
Laos,LAO,2023,62.44959
Laos,LAO,2024,63.614597
Lesotho,LSO,2008,0.36734474
Lesotho,LSO,2009,0.37501705
Lesotho,LSO,2010,0.38281286
Lesotho,LSO,2011,0.39071673
Lesotho,LSO,2012,0.39679897
Lesotho,LSO,2013,0.97468203
Lesotho,LSO,2014,1.7134886
Lesotho,LSO,2015,3.608032
Lesotho,LSO,2016,5.50632
Lesotho,LSO,2017,7.408463
Lesotho,LSO,2018,9.314961
Lesotho,LSO,2019,11.225867
Lesotho,LSO,2020,13.141467
Lesotho,LSO,2021,15.061727
Lesotho,LSO,2022,16.98695
Lesotho,LSO,2023,18.917088
Lesotho,LSO,2024,20.852356
Liberia,LBR,2007,0
Liberia,LBR,2008,0
Liberia,LBR,2009,0
Liberia,LBR,2010,0
Liberia,LBR,2011,0
Liberia,LBR,2012,0.15512463
Liberia,LBR,2013,1.1685759
Liberia,LBR,2014,1.406158
Liberia,LBR,2015,1.6471752
Liberia,LBR,2016,1.8917563
Liberia,LBR,2017,2.139976
Liberia,LBR,2018,2.392002
Liberia,LBR,2019,2.6479285
Liberia,LBR,2020,2.9078724
Liberia,LBR,2021,3.1719515
Liberia,LBR,2022,3.4401891
Liberia,LBR,2023,3.463687
Liberia,LBR,2024,3.4875596
Libya,LBY,2018,95.59
Libya,LBY,2019,95.59
Libya,LBY,2020,95.59
Libya,LBY,2021,95.59
Libya,LBY,2022,95.59
Libya,LBY,2023,95.59
Libya,LBY,2024,95.59
Low-income countries,OWID_LIC,2008,25.413897
Low-income countries,OWID_LIC,2009,26.48837
Low-income countries,OWID_LIC,2010,26.498343
Low-income countries,OWID_LIC,2011,27.25276
Low-income countries,OWID_LIC,2012,28.109066
Low-income countries,OWID_LIC,2013,29.046448
Low-income countries,OWID_LIC,2014,27.534332
Low-income countries,OWID_LIC,2015,27.853209
Low-income countries,OWID_LIC,2016,28.359896
Low-income countries,OWID_LIC,2017,29.506126
Low-income countries,OWID_LIC,2018,29.781504
Low-income countries,OWID_LIC,2019,30.069584
Low-income countries,OWID_LIC,2020,30.3299
Low-income countries,OWID_LIC,2021,30.572365
Low-income countries,OWID_LIC,2022,30.780722
Low-income countries,OWID_LIC,2023,33.20827
Low-income countries,OWID_LIC,2024,33.694813
Lower middle-income countries,,2010,50.367645
Lower middle-income countries,,2011,51.92563
Lower middle-income countries,,2012,52.481335
Lower middle-income countries,,2013,53.443195
Lower middle-income countries,,2014,54.026558
Lower middle-income countries,,2015,56.43074
Lower middle-income countries,,2016,59.02826
Lower middle-income countries,,2017,61.564384
Lower middle-income countries,,2018,63.962246
Lower middle-income countries,,2019,66.47648
Lower middle-income countries,,2020,68.924065
Lower middle-income countries,,2021,71.39139
Lower middle-income countries,,2022,73.80494
Lower middle-income countries,,2023,76.01334
Lower middle-income countries,,2024,76.62945
Madagascar,MDG,2000,23.709019
Madagascar,MDG,2001,23.780605
Madagascar,MDG,2002,23.85272
Madagascar,MDG,2003,23.777391
Madagascar,MDG,2004,23.700974
Madagascar,MDG,2005,23.707008
Madagascar,MDG,2006,23.711527
Madagascar,MDG,2007,23.714203
Madagascar,MDG,2008,23.715471
Madagascar,MDG,2009,23.714033
Madagascar,MDG,2010,23.710333
Madagascar,MDG,2011,23.704079
Madagascar,MDG,2012,23.695229
Madagascar,MDG,2013,23.683504
Madagascar,MDG,2014,23.669102
Madagascar,MDG,2015,23.651522
Madagascar,MDG,2016,23.630962
Madagascar,MDG,2017,23.607166
Madagascar,MDG,2018,23.580109
Madagascar,MDG,2019,23.549332
Madagascar,MDG,2020,23.515251
Madagascar,MDG,2021,23.477213
Madagascar,MDG,2022,23.43563
Madagascar,MDG,2023,23.389872
Madagascar,MDG,2024,23.527157
Malawi,MWI,2000,15.483912
Malawi,MWI,2001,15.469971
Malawi,MWI,2002,15.455639
Malawi,MWI,2003,15.441113
Malawi,MWI,2004,15.426196
Malawi,MWI,2005,15.411076
Malawi,MWI,2006,15.395556
Malawi,MWI,2007,15.3798275
Malawi,MWI,2008,15.363697
Malawi,MWI,2009,15.349352
Malawi,MWI,2010,15.336712
Malawi,MWI,2011,15.325876
Malawi,MWI,2012,15.316584
Malawi,MWI,2013,15.309102
Malawi,MWI,2014,15.302994
Malawi,MWI,2015,15.298688
Malawi,MWI,2016,15.295585
Malawi,MWI,2017,15.294099
Malawi,MWI,2018,15.294129
Malawi,MWI,2019,15.295417
Malawi,MWI,2020,15.298185
Malawi,MWI,2021,15.302174
Malawi,MWI,2022,15.307589
Malawi,MWI,2023,15.353665
Malawi,MWI,2024,15.402509
Maldives,MDV,2013,95.7672
Maldives,MDV,2014,95.776054
Maldives,MDV,2015,95.78496
Maldives,MDV,2016,95.79389
Maldives,MDV,2017,95.802864
Maldives,MDV,2018,95.811874
Maldives,MDV,2019,95.820915
Maldives,MDV,2020,95.82999
Maldives,MDV,2021,95.839096
Mali,MLI,2014,16.177237
Mali,MLI,2015,16.32037
Mali,MLI,2016,16.462961
Mali,MLI,2017,16.605013
Mali,MLI,2018,16.746164
Mali,MLI,2019,16.886597
Mali,MLI,2020,17.025766
Mali,MLI,2021,17.164038
Mali,MLI,2022,17.300869
Marshall Islands,MHL,2013,84.89183
Marshall Islands,MHL,2014,84.918976
Marshall Islands,MHL,2015,84.94544
Marshall Islands,MHL,2016,84.97128
Marshall Islands,MHL,2017,84.99645
Marshall Islands,MHL,2018,85.02106
Marshall Islands,MHL,2019,85.04498
Marshall Islands,MHL,2020,85.06835
Marshall Islands,MHL,2021,85.091156
Mauritania,MRT,2009,53.711704
Mauritania,MRT,2010,53.9593
Mauritania,MRT,2011,54.207718
Mauritania,MRT,2012,54.456684
Mauritania,MRT,2013,54.705376
Mauritania,MRT,2014,53.19173
Mauritania,MRT,2015,51.698353
Mauritania,MRT,2016,50.22419
Mauritania,MRT,2017,48.769382
Mauritania,MRT,2018,47.332474
Mauritania,MRT,2019,45.91327
Mauritania,MRT,2020,44.510517
Mauritania,MRT,2021,43.124012
Mauritania,MRT,2022,41.75241
Mauritania,MRT,2023,40.395893
Mauritania,MRT,2024,40.704014
Mexico,MEX,2009,87.292435
Mexico,MEX,2010,87.32272
Mexico,MEX,2011,87.35312
Mexico,MEX,2012,87.38331
Mexico,MEX,2013,87.4135
Mexico,MEX,2014,88.58659
Mexico,MEX,2015,89.752495
Mexico,MEX,2016,90.911415
Mexico,MEX,2017,92.06325
Mexico,MEX,2018,93.2081
Mexico,MEX,2019,94.346
Mexico,MEX,2020,95.477
Mexico,MEX,2021,96.60112
Mexico,MEX,2022,97.71844
Mexico,MEX,2023,98.790855
Mexico,MEX,2024,98.786705
Moldova,MDA,2008,86.998405
Moldova,MDA,2009,86.994965
Moldova,MDA,2010,86.99152
Moldova,MDA,2011,86.988075
Moldova,MDA,2012,86.984634
Moldova,MDA,2013,86.98119
Moldova,MDA,2014,86.97775
Moldova,MDA,2015,86.97708
Moldova,MDA,2016,86.979416
Mongolia,MNG,2004,59.2183
Mongolia,MNG,2005,59.691967
Mongolia,MNG,2006,60.16113
Mongolia,MNG,2007,60.624878
Mongolia,MNG,2008,61.083225
Mongolia,MNG,2009,63.5889
Mongolia,MNG,2010,66.027504
Mongolia,MNG,2011,68.193474
Mongolia,MNG,2012,70.22754
Mongolia,MNG,2013,72.257416
Mongolia,MNG,2014,74.282845
Mongolia,MNG,2015,76.30438
Mongolia,MNG,2016,78.32173
Mongolia,MNG,2017,80.334724
Mongolia,MNG,2018,82.34581
Mongolia,MNG,2019,84.353485
Mongolia,MNG,2020,86.35625
Mongolia,MNG,2021,86.365944
Mongolia,MNG,2022,86.37694
Mongolia,MNG,2023,86.38899
Mongolia,MNG,2024,86.40217
Montenegro,MNE,2014,99.24315
Montenegro,MNE,2015,99.24297
Montenegro,MNE,2016,99.2428
Montenegro,MNE,2017,99.24262
Montenegro,MNE,2018,99.24245
Montenegro,MNE,2019,99.24227
Montenegro,MNE,2020,99.242096
Montenegro,MNE,2021,99.24192
Montenegro,MNE,2022,99.241745
Mozambique,MOZ,2005,11.207189
Mozambique,MOZ,2006,11.231405
Mozambique,MOZ,2007,11.255489
Mozambique,MOZ,2008,11.317419
Mozambique,MOZ,2009,11.383054
Mozambique,MOZ,2010,11.665001
Mozambique,MOZ,2011,11.948733
Mozambique,MOZ,2012,12.234266
Mozambique,MOZ,2013,12.521613
Mozambique,MOZ,2014,12.81079
Mozambique,MOZ,2015,13.101813
Mozambique,MOZ,2016,13.394696
Mozambique,MOZ,2017,13.68931
Mozambique,MOZ,2018,13.985811
Mozambique,MOZ,2019,14.284649
Mozambique,MOZ,2020,14.585704
Mozambique,MOZ,2021,14.889292
Mozambique,MOZ,2022,15.194995
Mozambique,MOZ,2023,15.503137
Mozambique,MOZ,2024,15.813738
Myanmar,MMR,2010,74.228745
Myanmar,MMR,2011,74.252235
Myanmar,MMR,2012,74.275856
Myanmar,MMR,2013,74.29947
Myanmar,MMR,2014,74.32333
Myanmar,MMR,2015,74.34905
Myanmar,MMR,2016,74.37675
Myanmar,MMR,2017,74.406425
Myanmar,MMR,2018,74.4382
Myanmar,MMR,2019,74.471954
Myanmar,MMR,2020,74.50768
Myanmar,MMR,2021,74.54565
Myanmar,MMR,2022,74.58559
Myanmar,MMR,2023,74.62775
Myanmar,MMR,2024,74.67201
Namibia,NAM,2009,41.66404
Namibia,NAM,2010,42.01862
Namibia,NAM,2011,42.375298
Namibia,NAM,2012,42.7442
Namibia,NAM,2013,43.11555
Namibia,NAM,2014,43.489346
Namibia,NAM,2015,43.86454
Namibia,NAM,2016,44.23519
Namibia,NAM,2017,44.599903
Nauru,NRU,2019,90.787476
Nauru,NRU,2020,90.787476
Nauru,NRU,2021,90.787476
Nauru,NRU,2022,90.787476
Nauru,NRU,2023,90.787476
Nauru,NRU,2024,90.787476
Nepal,NPL,2005,45.95656
Nepal,NPL,2006,46.06035
Nepal,NPL,2007,46.166126
Nepal,NPL,2008,46.273563
Nepal,NPL,2009,46.38266
Nepal,NPL,2010,47.901524
Nepal,NPL,2011,49.412376
Nepal,NPL,2012,50.9161
Nepal,NPL,2013,52.411438
Nepal,NPL,2014,53.898857
Nepal,NPL,2015,55.377426
Nepal,NPL,2016,56.84725
Nepal,NPL,2017,58.30768
Nepal,NPL,2018,59.758503
Nepal,NPL,2019,61.19911
Nepal,NPL,2020,62.629265
Nepal,NPL,2021,64.04837
Nepal,NPL,2022,65.456314
Nepal,NPL,2023,66.85236
Nepal,NPL,2024,68.23633
Niger,NER,2000,8.450281
Niger,NER,2001,8.471606
Niger,NER,2002,8.470166
Niger,NER,2003,8.469012
Niger,NER,2004,8.46786
Niger,NER,2005,9.148567
Niger,NER,2006,9.829642
Niger,NER,2007,10.510797
Niger,NER,2008,11.191782
Niger,NER,2009,11.873105
Niger,NER,2010,12.554507
Niger,NER,2011,13.23577
Niger,NER,2012,13.917341
Niger,NER,2013,14.598991
Niger,NER,2014,15.283556
Niger,NER,2015,15.970946
Niger,NER,2016,16.660316
Niger,NER,2017,17.35154
Niger,NER,2018,18.043812
Niger,NER,2019,18.736967
Niger,NER,2020,19.430494
Niger,NER,2021,20.123772
Niger,NER,2022,20.816538
Niger,NER,2023,21.508163
Niger,NER,2024,21.525906
Nigeria,NGA,2011,29.67698
Nigeria,NGA,2012,29.811728
Nigeria,NGA,2013,29.945251
Nigeria,NGA,2014,30.07755
Nigeria,NGA,2015,30.208624
Nigeria,NGA,2016,30.338015
Nigeria,NGA,2017,30.466026
Nigeria,NGA,2018,30.592354
Nigeria,NGA,2019,30.716843
Nigeria,NGA,2020,30.839497
Nigeria,NGA,2021,30.960157
Nigeria,NGA,2022,31.078829
Nigeria,NGA,2023,31.195509
Nigeria,NGA,2024,31.309893
North Macedonia,MKD,2000,99.6736
North Macedonia,MKD,2001,99.673874
North Macedonia,MKD,2002,99.67416
North Macedonia,MKD,2003,99.67442
North Macedonia,MKD,2004,99.674706
North Macedonia,MKD,2005,99.67494
North Macedonia,MKD,2006,99.67514
North Macedonia,MKD,2007,99.6753
North Macedonia,MKD,2008,99.675415
North Macedonia,MKD,2009,99.67549
North Macedonia,MKD,2010,99.67553
North Macedonia,MKD,2011,99.67552
North Macedonia,MKD,2012,99.67548
North Macedonia,MKD,2013,99.6754
North Macedonia,MKD,2014,99.67527
North Macedonia,MKD,2015,99.67511
North Macedonia,MKD,2016,99.674904
North Macedonia,MKD,2017,99.67466
North Macedonia,MKD,2018,99.67437
North Macedonia,MKD,2019,99.67405
North Macedonia,MKD,2020,99.67368
North Macedonia,MKD,2021,99.67329
North Macedonia,MKD,2022,99.672844
North Macedonia,MKD,2023,99.67236
North Macedonia,MKD,2024,99.67185
Northern Africa and Western Asia (UN SDG),UNSDG_NAWA,2008,77.661575
Northern Africa and Western Asia (UN SDG),UNSDG_NAWA,2009,78.06342
Northern Africa and Western Asia (UN SDG),UNSDG_NAWA,2010,78.58733
Northern Africa and Western Asia (UN SDG),UNSDG_NAWA,2011,79.11547
Northern Africa and Western Asia (UN SDG),UNSDG_NAWA,2012,80.722885
Northern Africa and Western Asia (UN SDG),UNSDG_NAWA,2013,81.42487
Northern Africa and Western Asia (UN SDG),UNSDG_NAWA,2014,82.54104
Northern Africa and Western Asia (UN SDG),UNSDG_NAWA,2015,83.18501
Northern Africa and Western Asia (UN SDG),UNSDG_NAWA,2016,85.22594
Northern Africa and Western Asia (UN SDG),UNSDG_NAWA,2017,85.792625
Northern Africa and Western Asia (UN SDG),UNSDG_NAWA,2018,86.33667
Northern Africa and Western Asia (UN SDG),UNSDG_NAWA,2019,86.89095
Northern Africa and Western Asia (UN SDG),UNSDG_NAWA,2020,87.458435
Northern Africa and Western Asia (UN SDG),UNSDG_NAWA,2021,87.93731
Northern Africa and Western Asia (UN SDG),UNSDG_NAWA,2022,88.42214
Northern Africa and Western Asia (UN SDG),UNSDG_NAWA,2023,88.77553
Northern Africa and Western Asia (UN SDG),UNSDG_NAWA,2024,89.241165
Oceania (UN SDG),UNSDG_OC,2012,38.4447
Oceania (UN SDG),UNSDG_OC,2013,41.30087
Oceania (UN SDG),UNSDG_OC,2014,41.228916
Oceania (UN SDG),UNSDG_OC,2015,41.160233
Oceania (UN SDG),UNSDG_OC,2016,40.347034
Oceania (UN SDG),UNSDG_OC,2017,43.304665
Oceania (UN SDG),UNSDG_OC,2018,43.404697
Oceania (UN SDG),UNSDG_OC,2019,43.437008
Oceania (UN SDG),UNSDG_OC,2020,43.36941
Oceania (UN SDG),UNSDG_OC,2021,43.307484
Oceania (UN SDG),UNSDG_OC,2022,43.0969
Oceania (UN SDG),UNSDG_OC,2023,43.26917
Oceania (UN SDG),UNSDG_OC,2024,43.25062
Oman,OMN,2013,97.4
Oman,OMN,2014,97.4
Oman,OMN,2015,97.4
Oman,OMN,2016,97.4
Oman,OMN,2017,97.4
Oman,OMN,2018,97.4
Oman,OMN,2019,97.4
Oman,OMN,2020,97.4
Oman,OMN,2021,97.4
Pakistan,PAK,2007,51.924892
Pakistan,PAK,2008,52.01454
Pakistan,PAK,2009,52.10419
Pakistan,PAK,2010,52.194283
Pakistan,PAK,2011,52.284813
Pakistan,PAK,2012,55.28846
Pakistan,PAK,2013,58.27964
Pakistan,PAK,2014,61.25914
Pakistan,PAK,2015,64.22688
Pakistan,PAK,2016,67.18276
Pakistan,PAK,2017,70.12644
Pakistan,PAK,2018,73.06169
Pakistan,PAK,2019,75.98731
Pakistan,PAK,2020,78.9018
Pakistan,PAK,2021,81.80367
Pakistan,PAK,2022,84.691315
Pakistan,PAK,2023,84.728035
Pakistan,PAK,2024,84.76666
Palestine,PSE,2014,94.93441
Palestine,PSE,2015,94.932465
Palestine,PSE,2016,94.93048
Palestine,PSE,2017,94.928444
Palestine,PSE,2018,94.926384
Palestine,PSE,2019,94.92427
Palestine,PSE,2020,94.92214
Palestine,PSE,2021,94.91997
Palestine,PSE,2022,94.91776
Palestine,PSE,2023,94.91554
Palestine,PSE,2024,94.91329
Papua New Guinea,PNG,2012,35.124218
Papua New Guinea,PNG,2013,35.12287
Papua New Guinea,PNG,2014,35.126232
Papua New Guinea,PNG,2015,35.134293
Papua New Guinea,PNG,2016,35.14706
Papua New Guinea,PNG,2017,35.164528
Papua New Guinea,PNG,2018,35.18703
Papua New Guinea,PNG,2019,35.21424
Papua New Guinea,PNG,2020,35.24615
Papua New Guinea,PNG,2021,35.283436
Papua New Guinea,PNG,2022,35.32576
Papua New Guinea,PNG,2023,35.37312
Papua New Guinea,PNG,2024,35.425858
Paraguay,PRY,2012,79.854416
Paraguay,PRY,2013,79.89246
Paraguay,PRY,2014,79.92882
Paraguay,PRY,2015,79.965034
Paraguay,PRY,2016,80.00125
Paraguay,PRY,2017,80.0372
Paraguay,PRY,2018,80.07459
Paraguay,PRY,2019,80.113174
Paraguay,PRY,2020,80.15306
Philippines,PHL,2011,72.57563
Philippines,PHL,2012,72.602165
Philippines,PHL,2013,72.62884
Philippines,PHL,2014,72.65537
Philippines,PHL,2015,72.682045
Philippines,PHL,2016,75.4483
Philippines,PHL,2017,78.20885
Philippines,PHL,2018,80.96291
Philippines,PHL,2019,83.709404
Philippines,PHL,2020,86.44734
Philippines,PHL,2021,89.17575
Philippines,PHL,2022,91.89365
Philippines,PHL,2023,94.60005
Philippines,PHL,2024,97.293976
Qatar,QAT,2000,100
Qatar,QAT,2001,100
Qatar,QAT,2002,100
Qatar,QAT,2003,100
Qatar,QAT,2004,100
Qatar,QAT,2005,100
Qatar,QAT,2006,100
Qatar,QAT,2007,100
Qatar,QAT,2008,100
Qatar,QAT,2009,100
Qatar,QAT,2010,100
Qatar,QAT,2011,100
Qatar,QAT,2012,100
Qatar,QAT,2013,100
Qatar,QAT,2014,100
Qatar,QAT,2015,100
Qatar,QAT,2016,100
Qatar,QAT,2017,100
Qatar,QAT,2018,100
Qatar,QAT,2019,100
Qatar,QAT,2020,100
Qatar,QAT,2021,100
Qatar,QAT,2022,100
Qatar,QAT,2023,100
Qatar,QAT,2024,100
Rwanda,RWA,2000,0
Rwanda,RWA,2001,0.19440882
Rwanda,RWA,2002,0.7573369
Rwanda,RWA,2003,1.1601622
Rwanda,RWA,2004,1.5973932
Rwanda,RWA,2005,2.5800593
Rwanda,RWA,2006,3.5628364
Rwanda,RWA,2007,4.545558
Rwanda,RWA,2008,5.528305
Rwanda,RWA,2009,6.5111732
Rwanda,RWA,2010,7.493976
Rwanda,RWA,2011,8.476804
Rwanda,RWA,2012,9.459764
Rwanda,RWA,2013,10.442647
Rwanda,RWA,2014,11.427333
Rwanda,RWA,2015,12.414088
Rwanda,RWA,2016,13.402847
Rwanda,RWA,2017,14.393994
Rwanda,RWA,2018,15.387698
Rwanda,RWA,2019,16.383995
Rwanda,RWA,2020,17.383175
Rwanda,RWA,2021,18.385397
Rwanda,RWA,2022,18.405853
Rwanda,RWA,2023,18.428715
Rwanda,RWA,2024,18.453981
Saint Lucia,LCA,2008,87.34331
Saint Lucia,LCA,2009,87.33651
Saint Lucia,LCA,2010,87.33085
Saint Lucia,LCA,2011,87.33085
Saint Lucia,LCA,2012,87.33085
Saint Lucia,LCA,2013,87.330925
Saint Lucia,LCA,2014,87.331085
Saint Lucia,LCA,2015,87.33134
Saint Lucia,LCA,2016,87.33166
Samoa,WSM,2016,55.395927
Samoa,WSM,2017,62.500336
Samoa,WSM,2018,69.62018
Samoa,WSM,2019,72.02741
Samoa,WSM,2020,72.00349
Samoa,WSM,2021,71.98242
Samoa,WSM,2022,71.96437
Samoa,WSM,2023,71.9489
Samoa,WSM,2024,71.93629
Sao Tome and Principe,STP,2008,38.650764
Sao Tome and Principe,STP,2009,38.46054
Sao Tome and Principe,STP,2010,38.272648
Sao Tome and Principe,STP,2011,38.08758
Sao Tome and Principe,STP,2012,37.905178
Sao Tome and Principe,STP,2013,39.823837
Sao Tome and Principe,STP,2014,41.830894
Sao Tome and Principe,STP,2015,43.92119
Sao Tome and Principe,STP,2016,46.08937
Sao Tome and Principe,STP,2017,48.330276
Sao Tome and Principe,STP,2018,50.63887
Sao Tome and Principe,STP,2019,53.01031
Sao Tome and Principe,STP,2020,55.4399
Sao Tome and Principe,STP,2021,57.923306
Sao Tome and Principe,STP,2022,58.057903
Sao Tome and Principe,STP,2023,58.185406
Sao Tome and Principe,STP,2024,58.30639
Saudi Arabia,SAU,2016,98.39167
Saudi Arabia,SAU,2017,98.39651
Saudi Arabia,SAU,2018,98.40137
Saudi Arabia,SAU,2019,98.406204
Saudi Arabia,SAU,2020,98.411064
Saudi Arabia,SAU,2021,98.4159
Saudi Arabia,SAU,2022,98.42073
Saudi Arabia,SAU,2023,98.42557
Saudi Arabia,SAU,2024,98.430405
Senegal,SEN,2011,19.272097
Senegal,SEN,2012,19.402426
Senegal,SEN,2013,19.53307
Senegal,SEN,2014,19.664026
Senegal,SEN,2015,19.79781
Senegal,SEN,2016,20.654823
Senegal,SEN,2017,21.496576
Senegal,SEN,2018,22.321943
Senegal,SEN,2019,23.13066
Senegal,SEN,2020,23.921951
Senegal,SEN,2021,24.695517
Senegal,SEN,2022,25.45062
Senegal,SEN,2023,26.186623
Senegal,SEN,2024,26.903214
Serbia,SRB,2006,98.12752
Serbia,SRB,2007,98.127914
Serbia,SRB,2008,98.1283
Serbia,SRB,2009,98.12869
Serbia,SRB,2010,98.12908
Serbia,SRB,2011,98.12948
Serbia,SRB,2012,98.12972
Serbia,SRB,2013,98.12992
Serbia,SRB,2014,98.13012
Sierra Leone,SLE,2004,10.722755
Sierra Leone,SLE,2005,10.771269
Sierra Leone,SLE,2006,10.828943
Sierra Leone,SLE,2007,10.88692
Sierra Leone,SLE,2008,10.945195
Sierra Leone,SLE,2009,11.46946
Sierra Leone,SLE,2010,11.988738
Sierra Leone,SLE,2011,12.503141
Sierra Leone,SLE,2012,13.01263
Sierra Leone,SLE,2013,13.516931
Sierra Leone,SLE,2014,14.016263
Sierra Leone,SLE,2015,14.510485
Sierra Leone,SLE,2016,14.999673
Sierra Leone,SLE,2017,15.484426
Sierra Leone,SLE,2018,15.964732
Sierra Leone,SLE,2019,16.4403
Sierra Leone,SLE,2020,16.910929
Sierra Leone,SLE,2021,17.376423
Sierra Leone,SLE,2022,17.836582
Sierra Leone,SLE,2023,18.291214
Sierra Leone,SLE,2024,18.740114
Solomon Islands,SLB,2011,37.07173
Solomon Islands,SLB,2012,37.266994
Solomon Islands,SLB,2013,37.462685
Solomon Islands,SLB,2014,37.65837
Solomon Islands,SLB,2015,37.854485
Solomon Islands,SLB,2016,38.050175
Solomon Islands,SLB,2017,38.24586
Solomon Islands,SLB,2018,38.441547
Solomon Islands,SLB,2019,38.636395
Somalia,SOM,2013,30.159746
Somalia,SOM,2014,30.23551
Somalia,SOM,2015,30.311815
Somalia,SOM,2016,30.38879
Somalia,SOM,2017,30.466307
Somalia,SOM,2018,28.481386
Somalia,SOM,2019,26.49279
Somalia,SOM,2020,24.500612
Somalia,SOM,2021,22.50469
Somalia,SOM,2022,20.50499
Somalia,SOM,2023,18.501484
Somalia,SOM,2024,16.494139
South Africa,ZAF,2012,43.346153
South Africa,ZAF,2013,43.47679
South Africa,ZAF,2014,43.60693
South Africa,ZAF,2015,43.736313
South Africa,ZAF,2016,43.864944
South Africa,ZAF,2017,43.992573
South Africa,ZAF,2018,44.119198
South Africa,ZAF,2019,44.244823
South Africa,ZAF,2020,44.369694
South Sudan,SSD,2016,21.539429
South Sudan,SSD,2017,21.580778
South Sudan,SSD,2018,21.62457
South Sudan,SSD,2019,21.670803
South Sudan,SSD,2020,21.71964
South Sudan,SSD,2021,21.770924
South Sudan,SSD,2022,21.824968
South Sudan,SSD,2023,21.881784
South Sudan,SSD,2024,21.941204
South-East Asia (WHO),WHO_SEAR,2010,53.025223
South-East Asia (WHO),WHO_SEAR,2011,53.507347
South-East Asia (WHO),WHO_SEAR,2012,53.959915
South-East Asia (WHO),WHO_SEAR,2013,54.958107
South-East Asia (WHO),WHO_SEAR,2014,55.42876
South-East Asia (WHO),WHO_SEAR,2015,58.980965
South-East Asia (WHO),WHO_SEAR,2016,62.523293
South-East Asia (WHO),WHO_SEAR,2017,66.32425
South-East Asia (WHO),WHO_SEAR,2018,69.81
South-East Asia (WHO),WHO_SEAR,2019,73.281
South-East Asia (WHO),WHO_SEAR,2020,76.736725
South-East Asia (WHO),WHO_SEAR,2021,80.217026
South-East Asia (WHO),WHO_SEAR,2022,83.637146
South-East Asia (WHO),WHO_SEAR,2023,87.04728
South-East Asia (WHO),WHO_SEAR,2024,87.47904
Sri Lanka,LKA,2013,87.60826
Sri Lanka,LKA,2014,87.60967
Sri Lanka,LKA,2015,87.61236
Sri Lanka,LKA,2016,87.61625
Sri Lanka,LKA,2017,87.62141
Sri Lanka,LKA,2018,87.62791
Sri Lanka,LKA,2019,87.63561
Sri Lanka,LKA,2020,87.64466
Sri Lanka,LKA,2021,87.65505
Sri Lanka,LKA,2022,87.66678
Sri Lanka,LKA,2023,87.679855
Sri Lanka,LKA,2024,87.69435
Sub-Saharan Africa (UN SDG),UNSDG_SSA,2011,21.723492
Sub-Saharan Africa (UN SDG),UNSDG_SSA,2012,22.66579
Sub-Saharan Africa (UN SDG),UNSDG_SSA,2013,23.428629
Sub-Saharan Africa (UN SDG),UNSDG_SSA,2014,22.472956
Sub-Saharan Africa (UN SDG),UNSDG_SSA,2015,22.638374
Sub-Saharan Africa (UN SDG),UNSDG_SSA,2016,23.171873
Sub-Saharan Africa (UN SDG),UNSDG_SSA,2017,23.569304
Sub-Saharan Africa (UN SDG),UNSDG_SSA,2018,23.918516
Sub-Saharan Africa (UN SDG),UNSDG_SSA,2019,24.318878
Sub-Saharan Africa (UN SDG),UNSDG_SSA,2020,24.573584
Sub-Saharan Africa (UN SDG),UNSDG_SSA,2021,23.869633
Sub-Saharan Africa (UN SDG),UNSDG_SSA,2022,24.266283
Sub-Saharan Africa (UN SDG),UNSDG_SSA,2023,26.150066
Sub-Saharan Africa (UN SDG),UNSDG_SSA,2024,26.757812
Sudan,SDN,2008,26.500963
Sudan,SDN,2009,26.500963
Sudan,SDN,2010,26.500963
Sudan,SDN,2011,26.500963
Sudan,SDN,2012,26.500963
Sudan,SDN,2013,24.752254
Sudan,SDN,2014,23.003546
Sudan,SDN,2015,21.254835
Sudan,SDN,2016,19.506126
Sudan,SDN,2017,17.757418
Sudan,SDN,2018,16.008709
Sudan,SDN,2019,14.26
Sudan,SDN,2020,12.511291
Sudan,SDN,2021,10.762582
Sudan,SDN,2022,10.762582
Sudan,SDN,2023,10.762582
Sudan,SDN,2024,10.762582
Suriname,SUR,2014,72.09888
Suriname,SUR,2015,72.09625
Suriname,SUR,2016,72.09498
Suriname,SUR,2017,72.095055
Suriname,SUR,2018,72.09657
Suriname,SUR,2019,72.09936
Suriname,SUR,2020,72.10365
Suriname,SUR,2021,72.10922
Suriname,SUR,2022,72.116234
Syria,SYR,2012,84.19975
Syria,SYR,2013,84.13068
Syria,SYR,2014,84.06139
Syria,SYR,2015,84.10637
Syria,SYR,2016,84.151276
Syria,SYR,2017,84.19605
Syria,SYR,2018,84.24062
Syria,SYR,2019,84.284996
Syria,SYR,2020,84.329025
Syria,SYR,2021,84.37273
Syria,SYR,2022,84.41615
Syria,SYR,2023,84.45924
Syria,SYR,2024,84.50199
Tajikistan,TJK,2006,72.38524
Tajikistan,TJK,2007,72.38569
Tajikistan,TJK,2008,72.38613
Tajikistan,TJK,2009,72.386566
Tajikistan,TJK,2010,72.38702
Tajikistan,TJK,2011,72.419365
Tajikistan,TJK,2012,72.45666
Tajikistan,TJK,2013,72.49801
Tajikistan,TJK,2014,72.54365
Tajikistan,TJK,2015,72.59315
Tajikistan,TJK,2016,72.64651
Tajikistan,TJK,2017,72.70351
Tajikistan,TJK,2018,72.76373
Tajikistan,TJK,2019,72.827354
Tajikistan,TJK,2020,72.86508
Tajikistan,TJK,2021,72.90722
Tajikistan,TJK,2022,72.95356
Tajikistan,TJK,2023,73.0045
Tanzania,TZA,2017,17.11099
Tanzania,TZA,2018,17.16128
Tanzania,TZA,2019,17.211637
Tanzania,TZA,2020,17.262203
Tanzania,TZA,2021,17.312769
Tanzania,TZA,2022,17.363405
Tanzania,TZA,2023,17.41397
Tanzania,TZA,2024,17.464537
Thailand,THA,2010,79.264275
Thailand,THA,2011,79.29307
Thailand,THA,2012,79.3186
Thailand,THA,2013,79.34418
Thailand,THA,2014,79.36982
Thailand,THA,2015,80.90445
Thailand,THA,2016,82.43742
Thailand,THA,2017,83.96857
Thailand,THA,2018,85.49786
Thailand,THA,2019,87.025246
Thailand,THA,2020,88.55075
Thailand,THA,2021,90.0744
Thailand,THA,2022,91.59616
Thailand,THA,2023,93.116066
Thailand,THA,2024,94.634125
Togo,TGO,2004,7.417252
Togo,TGO,2005,7.490268
Togo,TGO,2006,7.5637593
Togo,TGO,2007,7.637726
Togo,TGO,2008,7.7123256
Togo,TGO,2009,8.54857
Togo,TGO,2010,9.386535
Togo,TGO,2011,10.229468
Togo,TGO,2012,11.075988
Togo,TGO,2013,11.923847
Togo,TGO,2014,12.773379
Togo,TGO,2015,13.624596
Togo,TGO,2016,14.478175
Togo,TGO,2017,15.333975
Togo,TGO,2018,16.192015
Togo,TGO,2019,17.052315
Togo,TGO,2020,17.146685
Togo,TGO,2021,17.242083
Togo,TGO,2022,17.338333
Togo,TGO,2023,17.435612
Tonga,TON,2013,80.94803
Tonga,TON,2014,80.94482
Tonga,TON,2015,80.94167
Tonga,TON,2016,80.93852
Tonga,TON,2017,80.93537
Tonga,TON,2018,80.93312
Tonga,TON,2019,80.931694
Tonga,TON,2020,80.93122
Tonga,TON,2021,80.93151
Tonga,TON,2022,80.93276
Tonga,TON,2023,80.934845
Tonga,TON,2024,80.937805
Trinidad and Tobago,TTO,2018,84.11353
Trinidad and Tobago,TTO,2019,84.113625
Trinidad and Tobago,TTO,2020,84.11442
Trinidad and Tobago,TTO,2021,84.11591
Trinidad and Tobago,TTO,2022,84.11812
Trinidad and Tobago,TTO,2023,84.12103
Trinidad and Tobago,TTO,2024,84.12464
Tunisia,TUN,2006,85.95419
Tunisia,TUN,2007,86.04152
Tunisia,TUN,2008,86.12854
Tunisia,TUN,2009,86.215256
Tunisia,TUN,2010,86.30136
Tunisia,TUN,2011,86.82405
Tunisia,TUN,2012,87.336624
Tunisia,TUN,2013,87.83862
Tunisia,TUN,2014,88.33092
Tunisia,TUN,2015,88.81504
Tunisia,TUN,2016,89.29041
Tunisia,TUN,2017,89.75674
Tunisia,TUN,2018,90.213844
Tunisia,TUN,2019,90.66123
Tunisia,TUN,2020,91.09844
Tunisia,TUN,2021,91.52534
Tunisia,TUN,2022,91.9416
Tunisia,TUN,2023,92.34675
Tunisia,TUN,2024,92.74071
Turkmenistan,TKM,2000,70.7457
Turkmenistan,TKM,2001,72.58038
Turkmenistan,TKM,2002,74.409225
Turkmenistan,TKM,2003,76.23202
Turkmenistan,TKM,2004,78.04875
Turkmenistan,TKM,2005,79.861755
Turkmenistan,TKM,2006,81.67054
Turkmenistan,TKM,2007,83.474594
Turkmenistan,TKM,2008,85.2729
Turkmenistan,TKM,2009,87.065186
Turkmenistan,TKM,2010,88.85059
Turkmenistan,TKM,2011,90.62851
Turkmenistan,TKM,2012,92.39841
Turkmenistan,TKM,2013,94.15962
Turkmenistan,TKM,2014,95.911446
Turkmenistan,TKM,2015,97.653366
Turkmenistan,TKM,2016,99.38472
Turkmenistan,TKM,2017,100
Turkmenistan,TKM,2018,100
Turkmenistan,TKM,2019,100
Turkmenistan,TKM,2020,100
Turkmenistan,TKM,2021,100
Turkmenistan,TKM,2022,100
Turkmenistan,TKM,2023,100
Turkmenistan,TKM,2024,100
Turks and Caicos Islands,TCA,2016,94.87585
Turks and Caicos Islands,TCA,2017,94.89563
Turks and Caicos Islands,TCA,2018,94.91415
Turks and Caicos Islands,TCA,2019,94.93142
Turks and Caicos Islands,TCA,2020,94.94757
Turks and Caicos Islands,TCA,2021,94.96266
Turks and Caicos Islands,TCA,2022,94.9767
Turks and Caicos Islands,TCA,2023,94.98989
Turks and Caicos Islands,TCA,2024,95.00215
Tuvalu,TUV,2016,94.13248
Tuvalu,TUV,2017,94.10061
Tuvalu,TUV,2018,94.06975
Tuvalu,TUV,2019,94.039925
Tuvalu,TUV,2020,94.011154
Tuvalu,TUV,2021,93.98339
Tuvalu,TUV,2022,93.95667
Tuvalu,TUV,2023,93.930954
Tuvalu,TUV,2024,93.90622
Uganda,UGA,2000,4.9307876
Uganda,UGA,2001,5.696574
Uganda,UGA,2002,6.466174
Uganda,UGA,2003,7.239693
Uganda,UGA,2004,8.017334
Uganda,UGA,2005,8.798808
Uganda,UGA,2006,9.584712
Uganda,UGA,2007,10.374846
Uganda,UGA,2008,11.169532
Uganda,UGA,2009,11.968651
Uganda,UGA,2010,12.772537
Uganda,UGA,2011,13.581184
Uganda,UGA,2012,14.394822
Uganda,UGA,2013,15.2131815
Uganda,UGA,2014,16.036873
Uganda,UGA,2015,16.865753
Uganda,UGA,2016,17.699648
Uganda,UGA,2017,18.538643
Uganda,UGA,2018,19.382528
Uganda,UGA,2019,20.231815
Uganda,UGA,2020,21.08614
Uganda,UGA,2021,21.945566
Uganda,UGA,2022,22.810318
Uganda,UGA,2023,23.680302
Uganda,UGA,2024,24.555584
Ukraine,UKR,2015,95.24312
Ukraine,UKR,2016,95.253204
Ukraine,UKR,2017,95.26319
Ukraine,UKR,2018,95.27469
Ukraine,UKR,2019,95.28782
Ukraine,UKR,2020,95.30247
Ukraine,UKR,2021,95.318634
Ukraine,UKR,2022,95.33621
Ukraine,UKR,2023,95.35531
Ukraine,UKR,2024,95.37581
Upper middle-income countries,,2017,88.32021
Upper middle-income countries,,2018,88.602234
Upper middle-income countries,,2019,88.86333
Upper middle-income countries,,2020,89.127914
Upper middle-income countries,,2021,88.842064
Upper middle-income countries,,2022,89.100975
Upper middle-income countries,,2023,89.330956
Upper middle-income countries,,2024,89.477486
Uzbekistan,UZB,2018,81.628006
Uzbekistan,UZB,2019,81.62222
Uzbekistan,UZB,2020,81.62003
Uzbekistan,UZB,2021,81.62145
Uzbekistan,UZB,2022,81.626465
Uzbekistan,UZB,2023,81.63495
Uzbekistan,UZB,2024,81.64704
Vanuatu,VUT,2007,41.143265
Vanuatu,VUT,2008,41.228027
Vanuatu,VUT,2009,41.313644
Vanuatu,VUT,2010,41.363705
Vanuatu,VUT,2011,41.391865
Vanuatu,VUT,2012,41.93079
Vanuatu,VUT,2013,42.46898
Vanuatu,VUT,2014,43.00643
Vanuatu,VUT,2015,43.543148
Vanuatu,VUT,2016,44.079388
Vanuatu,VUT,2017,44.614887
Vanuatu,VUT,2018,45.152225
Vanuatu,VUT,2019,45.69104
Vanuatu,VUT,2020,46.231735
Vanuatu,VUT,2021,46.77369
Vanuatu,VUT,2022,47.31729
Vanuatu,VUT,2023,47.861946
Vanuatu,VUT,2024,48.40802
Vietnam,VNM,2005,84.31647
Vietnam,VNM,2006,84.37885
Vietnam,VNM,2007,84.44217
Vietnam,VNM,2008,84.5063
Vietnam,VNM,2009,84.57146
Vietnam,VNM,2010,84.88438
Vietnam,VNM,2011,85.19839
Vietnam,VNM,2012,85.513596
Vietnam,VNM,2013,85.8296
Vietnam,VNM,2014,86.14681
Vietnam,VNM,2015,86.46513
Vietnam,VNM,2016,86.78448
Vietnam,VNM,2017,87.10431
Vietnam,VNM,2018,87.424736
Vietnam,VNM,2019,87.74577
Vietnam,VNM,2020,88.06741
Vietnam,VNM,2021,88.38934
Vietnam,VNM,2022,88.71178
Vietnam,VNM,2023,89.0345
Vietnam,VNM,2024,89.11002
Western Pacific (WHO),WHO_WPAC,2017,92.121346
Western Pacific (WHO),WHO_WPAC,2018,92.33701
Western Pacific (WHO),WHO_WPAC,2019,92.549446
Western Pacific (WHO),WHO_WPAC,2020,92.76005
Western Pacific (WHO),WHO_WPAC,2021,92.96685
Western Pacific (WHO),WHO_WPAC,2022,93.16443
Western Pacific (WHO),WHO_WPAC,2023,93.36336
Western Pacific (WHO),WHO_WPAC,2024,93.54813
World,OWID_WRL,2013,63.801186
World,OWID_WRL,2014,64.43709
World,OWID_WRL,2015,66.18408
World,OWID_WRL,2016,67.907646
World,OWID_WRL,2017,73.78606
World,OWID_WRL,2018,74.737564
World,OWID_WRL,2019,75.71356
World,OWID_WRL,2020,76.66049
World,OWID_WRL,2021,77.43363
World,OWID_WRL,2022,78.37365
World,OWID_WRL,2023,79.4905
World,OWID_WRL,2024,79.728935
Yemen,YEM,2007,43.892704
Yemen,YEM,2008,44.100613
Yemen,YEM,2009,44.311085
Yemen,YEM,2010,44.524117
Yemen,YEM,2011,44.739346
Yemen,YEM,2012,46.270115
Yemen,YEM,2013,47.785786
Yemen,YEM,2014,49.285416
Yemen,YEM,2015,50.769096
Yemen,YEM,2016,52.236256
Yemen,YEM,2017,53.686687
Yemen,YEM,2018,55.1199
Yemen,YEM,2019,56.53597
Yemen,YEM,2020,57.93444
Yemen,YEM,2021,59.31492
Yemen,YEM,2022,60.677475
Yemen,YEM,2023,62.02136
Yemen,YEM,2024,63.34689
Zambia,ZMB,2008,16.7139
Zambia,ZMB,2009,16.809427
Zambia,ZMB,2010,16.905735
Zambia,ZMB,2011,17.002432
Zambia,ZMB,2012,17.100494
Zambia,ZMB,2013,17.200117
Zambia,ZMB,2014,17.300909
Zambia,ZMB,2015,17.40326
Zambia,ZMB,2016,17.50678
Zambia,ZMB,2017,17.611668
Zambia,ZMB,2018,17.717916
Zambia,ZMB,2019,17.825336
Zambia,ZMB,2020,17.933928
Zambia,ZMB,2021,18.043686
Zambia,ZMB,2022,18.154615
Zambia,ZMB,2023,18.26652
Zambia,ZMB,2024,18.379398
Zimbabwe,ZWE,2009,42.648743
Zimbabwe,ZWE,2010,42.613075
Zimbabwe,ZWE,2011,42.577602
Zimbabwe,ZWE,2012,42.54213
Zimbabwe,ZWE,2013,42.506855
Zimbabwe,ZWE,2014,42.477455
Zimbabwe,ZWE,2015,42.454136
Zimbabwe,ZWE,2016,42.436695
Zimbabwe,ZWE,2017,42.42513
Zimbabwe,ZWE,2018,42.419643
Zimbabwe,ZWE,2019,42.419838
Zimbabwe,ZWE,2020,42.42611
Zimbabwe,ZWE,2021,42.438065
Zimbabwe,ZWE,2022,42.456097
Zimbabwe,ZWE,2023,42.480003
Zimbabwe,ZWE,2024,42.50999