Entity,Code,Year,Total number of emigrants
Afghanistan,AFG,1990,7477104
Afghanistan,AFG,1995,4107724
Afghanistan,AFG,2000,4544516
Afghanistan,AFG,2005,3902699
Afghanistan,AFG,2010,5074825
Afghanistan,AFG,2015,5181002
Afghanistan,AFG,2020,5729887
Afghanistan,AFG,2024,7528994
Africa,,1990,19677870
Africa,,1995,21240099
Africa,,2000,21162547
Africa,,2005,24080357
Africa,,2010,27829220
Africa,,2015,34659532
Africa,,2020,40006733
Africa,,2024,45750673
Albania,ALB,1990,178747
Albania,ALB,1995,394084
Albania,ALB,2000,629192
Albania,ALB,2005,784369
Albania,ALB,2010,962514
Albania,ALB,2015,985561
Albania,ALB,2020,1103849
Albania,ALB,2024,1216628
Algeria,DZA,1990,1458505
Algeria,DZA,1995,1424971
Algeria,DZA,2000,1427791
Algeria,DZA,2005,1554741
Algeria,DZA,2010,1604582
Algeria,DZA,2015,1662433
Algeria,DZA,2020,1732822
Algeria,DZA,2024,1780399
American Samoa,ASM,1990,1085
American Samoa,ASM,1995,1625
American Samoa,ASM,2000,2183
American Samoa,ASM,2005,2148
American Samoa,ASM,2010,2341
American Samoa,ASM,2015,2452
American Samoa,ASM,2020,2952
American Samoa,ASM,2024,3362
Andorra,AND,1990,143
Andorra,AND,1995,283
Andorra,AND,2000,436
Andorra,AND,2005,448
Andorra,AND,2010,1213
Andorra,AND,2015,1467
Andorra,AND,2020,1751
Andorra,AND,2024,1982
Angola,AGO,1990,799084
Angola,AGO,1995,656106
Angola,AGO,2000,873474
Angola,AGO,2005,663380
Angola,AGO,2010,579968
Angola,AGO,2015,518695
Angola,AGO,2020,549257
Angola,AGO,2024,616967
Anguilla,AIA,1990,2262
Anguilla,AIA,1995,2205
Anguilla,AIA,2000,2158
Anguilla,AIA,2005,1776
Anguilla,AIA,2010,1719
Anguilla,AIA,2015,1572
Anguilla,AIA,2020,1561
Anguilla,AIA,2024,1614
Antigua and Barbuda,ATG,1990,7368
Antigua and Barbuda,ATG,1995,7792
Antigua and Barbuda,ATG,2000,8297
Antigua and Barbuda,ATG,2005,7978
Antigua and Barbuda,ATG,2010,8143
Antigua and Barbuda,ATG,2015,12860
Antigua and Barbuda,ATG,2020,12999
Antigua and Barbuda,ATG,2024,13111
Argentina,ARG,1990,406466
Argentina,ARG,1995,445110
Argentina,ARG,2000,571985
Argentina,ARG,2005,824076
Argentina,ARG,2010,877341
Argentina,ARG,2015,895980
Argentina,ARG,2020,1014400
Argentina,ARG,2024,1183381
Armenia,ARM,1990,813557
Armenia,ARM,1995,990938
Armenia,ARM,2000,950779
Armenia,ARM,2005,787489
Armenia,ARM,2010,799328
Armenia,ARM,2015,741708
Armenia,ARM,2020,685545
Armenia,ARM,2024,637604
Aruba,ABW,1990,4564
Aruba,ABW,1995,4844
Aruba,ABW,2000,5433
Aruba,ABW,2005,5447
Aruba,ABW,2010,7117
Aruba,ABW,2015,9011
Aruba,ABW,2020,16628
Aruba,ABW,2024,29305
Asia,,1990,54154302
Asia,,1995,56278875
Asia,,2000,62918051
Asia,,2005,69817605
Asia,,2010,85229256
Asia,,2015,101116455
Asia,,2020,111067828
Asia,,2024,120717155
Australia,AUS,1990,250909
Australia,AUS,1995,280785
Australia,AUS,2000,311529
Australia,AUS,2005,337326
Australia,AUS,2010,362178
Australia,AUS,2015,403333
Australia,AUS,2020,420672
Australia,AUS,2024,430718
Austria,AUT,1990,433951
Austria,AUT,1995,418616
Austria,AUT,2000,414141
Austria,AUT,2005,408939
Austria,AUT,2010,409023
Austria,AUT,2015,411144
Austria,AUT,2020,424072
Austria,AUT,2024,430560
Azerbaijan,AZE,1990,1334492
Azerbaijan,AZE,1995,1517896
Azerbaijan,AZE,2000,1466589
Azerbaijan,AZE,2005,1350981
Azerbaijan,AZE,2010,1050055
Azerbaijan,AZE,2015,860748
Azerbaijan,AZE,2020,790122
Azerbaijan,AZE,2024,810116
Bahamas,BHS,1990,2074
Bahamas,BHS,1995,2064
Bahamas,BHS,2000,2139
Bahamas,BHS,2005,1985
Bahamas,BHS,2010,1867
Bahamas,BHS,2015,1955
Bahamas,BHS,2020,2042
Bahamas,BHS,2024,2174
Bahrain,BHR,1990,11251
Bahrain,BHR,1995,21614
Bahrain,BHR,2000,32137
Bahrain,BHR,2005,36803
Bahrain,BHR,2010,42283
Bahrain,BHR,2015,45263
Bahrain,BHR,2020,45356
Bahrain,BHR,2024,57160
Bangladesh,BGD,1990,5076540
Bangladesh,BGD,1995,5266258
Bangladesh,BGD,2000,5287858
Bangladesh,BGD,2005,5198991
Bangladesh,BGD,2010,6221642
Bangladesh,BGD,2015,7883873
Bangladesh,BGD,2020,8085347
Bangladesh,BGD,2024,8706947
Barbados,BRB,1990,20659
Barbados,BRB,1995,20592
Barbados,BRB,2000,20249
Barbados,BRB,2005,20961
Barbados,BRB,2010,20844
Barbados,BRB,2015,20504
Barbados,BRB,2020,19564
Barbados,BRB,2024,19558
Belarus,BLR,1990,1768067
Belarus,BLR,1995,1680350
Belarus,BLR,2000,1599048
Belarus,BLR,2005,1462091
Belarus,BLR,2010,1310899
Belarus,BLR,2015,1079713
Belarus,BLR,2020,919469
Belarus,BLR,2024,790232
Belgium,BEL,1990,312709
Belgium,BEL,1995,305533
Belgium,BEL,2000,313188
Belgium,BEL,2005,374297
Belgium,BEL,2010,405732
Belgium,BEL,2015,438560
Belgium,BEL,2020,482561
Belgium,BEL,2024,521884
Belize,BLZ,1990,3528
Belize,BLZ,1995,3627
Belize,BLZ,2000,3849
Belize,BLZ,2005,4380
Belize,BLZ,2010,5247
Belize,BLZ,2015,5970
Belize,BLZ,2020,6694
Belize,BLZ,2024,7383
Benin,BEN,1990,226170
Benin,BEN,1995,265968
Benin,BEN,2000,321244
Benin,BEN,2005,496572
Benin,BEN,2010,533981
Benin,BEN,2015,628871
Benin,BEN,2020,678375
Benin,BEN,2024,726530
Bermuda,BMU,1990,433
Bermuda,BMU,1995,473
Bermuda,BMU,2000,537
Bermuda,BMU,2005,638
Bermuda,BMU,2010,748
Bermuda,BMU,2015,871
Bermuda,BMU,2020,1051
Bermuda,BMU,2024,1100
Bhutan,BTN,1990,27169
Bhutan,BTN,1995,117210
Bhutan,BTN,2000,119788
Bhutan,BTN,2005,117140
Bhutan,BTN,2010,88335
Bhutan,BTN,2015,47807
Bhutan,BTN,2020,52339
Bhutan,BTN,2024,66145
Bolivia,BOL,1990,199843
Bolivia,BOL,1995,236253
Bolivia,BOL,2000,281557
Bolivia,BOL,2005,456266
Bolivia,BOL,2010,648912
Bolivia,BOL,2015,646591
Bolivia,BOL,2020,744014
Bolivia,BOL,2024,783473
Bonaire Sint Eustatius and Saba,BES,1990,2852
Bonaire Sint Eustatius and Saba,BES,1995,2947
Bonaire Sint Eustatius and Saba,BES,2000,3052
Bonaire Sint Eustatius and Saba,BES,2005,3016
Bonaire Sint Eustatius and Saba,BES,2010,2883
Bonaire Sint Eustatius and Saba,BES,2015,3100
Bonaire Sint Eustatius and Saba,BES,2020,3524
Bonaire Sint Eustatius and Saba,BES,2024,4744
Bosnia and Herzegovina,BIH,1990,1108999
Bosnia and Herzegovina,BIH,1995,1705561
Bosnia and Herzegovina,BIH,2000,1624537
Bosnia and Herzegovina,BIH,2005,1494812
Bosnia and Herzegovina,BIH,2010,1481062
Bosnia and Herzegovina,BIH,2015,1477261
Bosnia and Herzegovina,BIH,2020,1542552
Bosnia and Herzegovina,BIH,2024,1608324
Botswana,BWA,1990,23982
Botswana,BWA,1995,17487
Botswana,BWA,2000,22155
Botswana,BWA,2005,22158
Botswana,BWA,2010,19869
Botswana,BWA,2015,18161
Botswana,BWA,2020,17397
Botswana,BWA,2024,16731
Brazil,BRA,1990,446721
Brazil,BRA,1995,626103
Brazil,BRA,2000,902341
Brazil,BRA,2005,1215342
Brazil,BRA,2010,1365997
Brazil,BRA,2015,1402267
Brazil,BRA,2020,1854912
Brazil,BRA,2024,2194325
British Virgin Islands,VGB,1990,3832
British Virgin Islands,VGB,1995,3930
British Virgin Islands,VGB,2000,4053
British Virgin Islands,VGB,2005,3678
British Virgin Islands,VGB,2010,4534
British Virgin Islands,VGB,2015,4874
British Virgin Islands,VGB,2020,5543
British Virgin Islands,VGB,2024,6185
Brunei,BRN,1990,31408
Brunei,BRN,1995,44425
Brunei,BRN,2000,45229
Brunei,BRN,2005,45524
Brunei,BRN,2010,45555
Brunei,BRN,2015,45924
Brunei,BRN,2020,46349
Brunei,BRN,2024,46552
Bulgaria,BGR,1990,597707
Bulgaria,BGR,1995,661065
Bulgaria,BGR,2000,707846
Bulgaria,BGR,2005,808373
Bulgaria,BGR,2010,926056
Bulgaria,BGR,2015,1030383
Bulgaria,BGR,2020,1178732
Bulgaria,BGR,2024,1252234
Burkina Faso,BFA,1990,1015890
Burkina Faso,BFA,1995,1152082
Burkina Faso,BFA,2000,1297567
Burkina Faso,BFA,2005,1443306
Burkina Faso,BFA,2010,1601296
Burkina Faso,BFA,2015,1759971
Burkina Faso,BFA,2020,1919400
Burkina Faso,BFA,2024,2050050
Burundi,BDI,1990,342568
Burundi,BDI,1995,549487
Burundi,BDI,2000,802113
Burundi,BDI,2005,651030
Burundi,BDI,2010,290788
Burundi,BDI,2015,444013
Burundi,BDI,2020,552134
Burundi,BDI,2024,576530
Cambodia,KHM,1990,261096
Cambodia,KHM,1995,282803
Cambodia,KHM,2000,316497
Cambodia,KHM,2005,455076
Cambodia,KHM,2010,613439
Cambodia,KHM,2015,674059
Cambodia,KHM,2020,726096
Cambodia,KHM,2024,778793
Cameroon,CMR,1990,92391
Cameroon,CMR,1995,108473
Cameroon,CMR,2000,131985
Cameroon,CMR,2005,167265
Cameroon,CMR,2010,214405
Cameroon,CMR,2015,275824
Cameroon,CMR,2020,357087
Cameroon,CMR,2024,409677
Canada,CAN,1990,1114493
Canada,CAN,1995,1273577
Canada,CAN,2000,1248046
Canada,CAN,2005,1255998
Canada,CAN,2010,1255259
Canada,CAN,2015,1307957
Canada,CAN,2020,1310121
Canada,CAN,2024,1347381
Cape Verde,CPV,1990,51800
Cape Verde,CPV,1995,63673
Cape Verde,CPV,2000,76121
Cape Verde,CPV,2005,92475
Cape Verde,CPV,2010,99281
Cape Verde,CPV,2015,116450
Cape Verde,CPV,2020,133491
Cape Verde,CPV,2024,146396
Cayman Islands,CYM,1990,125
Cayman Islands,CYM,1995,130
Cayman Islands,CYM,2000,146
Cayman Islands,CYM,2005,179
Cayman Islands,CYM,2010,248
Cayman Islands,CYM,2015,381
Cayman Islands,CYM,2020,549
Cayman Islands,CYM,2024,609
Central African Republic,CAF,1990,37143
Central African Republic,CAF,1995,39510
Central African Republic,CAF,2000,44980
Central African Republic,CAF,2005,115287
Central African Republic,CAF,2010,228473
Central African Republic,CAF,2015,666056
Central African Republic,CAF,2020,794362
Central African Republic,CAF,2024,905808
Central America (UN),,1990,6641926
Central America (UN),,1995,9481989
Central America (UN),,2000,11826660
Central America (UN),,2005,14379127
Central America (UN),,2010,15814764
Central America (UN),,2015,16402048
Central America (UN),,2020,16455194
Central America (UN),,2024,17447447
Central Asia (UN),,1990,6080895
Central Asia (UN),,1995,6395294
Central Asia (UN),,2000,6674793
Central Asia (UN),,2005,7167297
Central Asia (UN),,2010,7438419
Central Asia (UN),,2015,6905656
Central Asia (UN),,2020,6609180
Central Asia (UN),,2024,6331890
Central and Southern Asia (UN),,1990,30342957
Central and Southern Asia (UN),,1995,27930630
Central and Southern Asia (UN),,2000,30008559
Central and Southern Asia (UN),,2005,32445580
Central and Southern Asia (UN),,2010,39400759
Central and Southern Asia (UN),,2015,46011893
Central and Southern Asia (UN),,2020,48594959
Central and Southern Asia (UN),,2024,53948417
Chad,TCD,1990,329970
Chad,TCD,1995,217609
Chad,TCD,2000,202762
Chad,TCD,2005,201982
Chad,TCD,2010,191459
Chad,TCD,2015,179293
Chad,TCD,2020,208110
Chad,TCD,2024,292298
Channel Islands,OWID_CIS,1990,285
Channel Islands,OWID_CIS,1995,279
Channel Islands,OWID_CIS,2000,312
Channel Islands,OWID_CIS,2005,306
Channel Islands,OWID_CIS,2010,381
Channel Islands,OWID_CIS,2015,297
Channel Islands,OWID_CIS,2020,320
Channel Islands,OWID_CIS,2024,351
Chile,CHL,1990,390979
Chile,CHL,1995,391356
Chile,CHL,2000,393879
Chile,CHL,2005,419855
Chile,CHL,2010,435797
Chile,CHL,2015,419035
Chile,CHL,2020,423400
Chile,CHL,2024,444451
China,CHN,1990,3990935
China,CHN,1995,4676354
China,CHN,2000,5668480
China,CHN,2005,6892920
China,CHN,2010,8773150
China,CHN,2015,10357962
China,CHN,2020,11169868
China,CHN,2024,11701619
Colombia,COL,1990,1000769
Colombia,COL,1995,1181011
Colombia,COL,2000,1469973
Colombia,COL,2005,1823207
Colombia,COL,2010,2558298
Colombia,COL,2015,2720321
Colombia,COL,2020,3165293
Colombia,COL,2024,3652238
Comoros,COM,1990,32522
Comoros,COM,1995,48072
Comoros,COM,2000,73404
Comoros,COM,2005,97008
Comoros,COM,2010,111510
Comoros,COM,2015,188715
Comoros,COM,2020,260848
Comoros,COM,2024,367574
Congo,COG,1990,64367
Congo,COG,1995,88142
Congo,COG,2000,118262
Congo,COG,2005,160242
Congo,COG,2010,169150
Congo,COG,2015,201319
Congo,COG,2020,220301
Congo,COG,2024,231080
Cook Islands,COK,1990,17630
Cook Islands,COK,1995,16916
Cook Islands,COK,2000,19708
Cook Islands,COK,2005,20294
Cook Islands,COK,2010,20294
Cook Islands,COK,2015,20558
Cook Islands,COK,2020,20134
Cook Islands,COK,2024,20288
Costa Rica,CRI,1990,22922
Costa Rica,CRI,1995,22763
Costa Rica,CRI,2000,26493
Costa Rica,CRI,2005,30258
Costa Rica,CRI,2010,34241
Costa Rica,CRI,2015,39023
Costa Rica,CRI,2020,43504
Costa Rica,CRI,2024,50982
Cote d'Ivoire,CIV,1990,353717
Cote d'Ivoire,CIV,1995,433736
Cote d'Ivoire,CIV,2000,525165
Cote d'Ivoire,CIV,2005,698103
Cote d'Ivoire,CIV,2010,902169
Cote d'Ivoire,CIV,2015,1025536
Cote d'Ivoire,CIV,2020,1129849
Cote d'Ivoire,CIV,2024,1211422
Croatia,HRV,1990,840829
Croatia,HRV,1995,1056934
Croatia,HRV,2000,1196319
Croatia,HRV,2005,990980
Croatia,HRV,2010,847561
Croatia,HRV,2015,802347
Croatia,HRV,2020,825039
Croatia,HRV,2024,826166
Cuba,CUB,1990,839585
Cuba,CUB,1995,917722
Cuba,CUB,2000,1032762
Cuba,CUB,2005,1093555
Cuba,CUB,2010,1337631
Cuba,CUB,2015,1519397
Cuba,CUB,2020,1721822
Cuba,CUB,2024,1879613
Curacao,CUW,1990,3029
Curacao,CUW,1995,3779
Curacao,CUW,2000,4701
Curacao,CUW,2005,4329
Curacao,CUW,2010,5354
Curacao,CUW,2015,5861
Curacao,CUW,2020,7666
Curacao,CUW,2024,10103
Cyprus,CYP,1990,87065
Cyprus,CYP,1995,74433
Cyprus,CYP,2000,63149
Cyprus,CYP,2005,65886
Cyprus,CYP,2010,68736
Cyprus,CYP,2015,70451
Cyprus,CYP,2020,75728
Cyprus,CYP,2024,80760
Czechia,CZE,1990,532885
Czechia,CZE,1995,585124
Czechia,CZE,2000,615436
Czechia,CZE,2005,650527
Czechia,CZE,2010,660378
Czechia,CZE,2015,624517
Czechia,CZE,2020,584341
Czechia,CZE,2024,583214
Democratic Republic of Congo,COD,1990,393133
Democratic Republic of Congo,COD,1995,505090
Democratic Republic of Congo,COD,2000,794799
Democratic Republic of Congo,COD,2005,1097069
Democratic Republic of Congo,COD,2010,1242847
Democratic Republic of Congo,COD,2015,1512153
Democratic Republic of Congo,COD,2020,1916852
Democratic Republic of Congo,COD,2024,2097387
Denmark,DNK,1990,124563
Denmark,DNK,1995,117007
Denmark,DNK,2000,113952
Denmark,DNK,2005,120534
Denmark,DNK,2010,124567
Denmark,DNK,2015,123297
Denmark,DNK,2020,120852
Denmark,DNK,2024,124665
Djibouti,DJI,1990,1963
Djibouti,DJI,1995,20005
Djibouti,DJI,2000,3751
Djibouti,DJI,2005,2421
Djibouti,DJI,2010,2577
Djibouti,DJI,2015,2537
Djibouti,DJI,2020,2866
Djibouti,DJI,2024,3576
Dominica,DMA,1990,18686
Dominica,DMA,1995,20457
Dominica,DMA,2000,22406
Dominica,DMA,2005,21077
Dominica,DMA,2010,20788
Dominica,DMA,2015,21079
Dominica,DMA,2020,20838
Dominica,DMA,2024,21384
Dominican Republic,DOM,1990,462285
Dominican Republic,DOM,1995,657381
Dominican Republic,DOM,2000,845469
Dominican Republic,DOM,2005,962450
Dominican Republic,DOM,2010,1212240
Dominican Republic,DOM,2015,1454378
Dominican Republic,DOM,2020,1691232
Dominican Republic,DOM,2024,1917153
East Timor,TLS,1990,27505
East Timor,TLS,1995,35137
East Timor,TLS,2000,188495
East Timor,TLS,2005,43229
East Timor,TLS,2010,45740
East Timor,TLS,2015,64935
East Timor,TLS,2020,96759
East Timor,TLS,2024,109613
Eastern Africa (UN),,1990,7092040
Eastern Africa (UN),,1995,7113173
Eastern Africa (UN),,2000,5613465
Eastern Africa (UN),,2005,5591977
Eastern Africa (UN),,2010,6697584
Eastern Africa (UN),,2015,9034394
Eastern Africa (UN),,2020,11321072
Eastern Africa (UN),,2024,13218873
Eastern Asia (UN),,1990,7580664
Eastern Asia (UN),,1995,8705066
Eastern Asia (UN),,2000,10033956
Eastern Asia (UN),,2005,11485152
Eastern Asia (UN),,2010,13738877
Eastern Asia (UN),,2015,15593781
Eastern Asia (UN),,2020,16436131
Eastern Asia (UN),,2024,17184244
Eastern Europe (UN),,1990,25443190
Eastern Europe (UN),,1995,23709242
Eastern Europe (UN),,2000,22290370
Eastern Europe (UN),,2005,23114441
Eastern Europe (UN),,2010,24770817
Eastern Europe (UN),,2015,25213204
Eastern Europe (UN),,2020,26055890
Eastern Europe (UN),,2024,32478382
Eastern and South-Eastern Asia (UN),,1990,14465509
Eastern and South-Eastern Asia (UN),,1995,17262816
Eastern and South-Eastern Asia (UN),,2000,20822011
Eastern and South-Eastern Asia (UN),,2005,24315849
Eastern and South-Eastern Asia (UN),,2010,30053666
Eastern and South-Eastern Asia (UN),,2015,34562856
Eastern and South-Eastern Asia (UN),,2020,38223520
Eastern and South-Eastern Asia (UN),,2024,41409235
Ecuador,ECU,1990,209258
Ecuador,ECU,1995,316260
Ecuador,ECU,2000,510456
Ecuador,ECU,2005,935700
Ecuador,ECU,2010,1122949
Ecuador,ECU,2015,1066457
Ecuador,ECU,2020,1118570
Ecuador,ECU,2024,1243065
Egypt,EGY,1990,1630728
Egypt,EGY,1995,1750423
Egypt,EGY,2000,1921183
Egypt,EGY,2005,2371080
Egypt,EGY,2010,3213308
Egypt,EGY,2015,4193177
Egypt,EGY,2020,4454277
Egypt,EGY,2024,4820002
El Salvador,SLV,1990,955569
El Salvador,SLV,1995,1005420
El Salvador,SLV,2000,906731
El Salvador,SLV,2005,1108043
El Salvador,SLV,2010,1359464
El Salvador,SLV,2015,1541873
El Salvador,SLV,2020,1679667
El Salvador,SLV,2024,1834670
Equatorial Guinea,GNQ,1990,27829
Equatorial Guinea,GNQ,1995,40029
Equatorial Guinea,GNQ,2000,57049
Equatorial Guinea,GNQ,2005,71228
Equatorial Guinea,GNQ,2010,83286
Equatorial Guinea,GNQ,2015,116053
Equatorial Guinea,GNQ,2020,127021
Equatorial Guinea,GNQ,2024,136825
Eritrea,ERI,1990,156294
Eritrea,ERI,1995,370422
Eritrea,ERI,2000,505394
Eritrea,ERI,2005,267114
Eritrea,ERI,2010,283312
Eritrea,ERI,2015,478597
Eritrea,ERI,2020,663275
Eritrea,ERI,2024,912792
Estonia,EST,1990,106726
Estonia,EST,1995,108115
Estonia,EST,2000,111603
Estonia,EST,2005,115845
Estonia,EST,2010,116903
Estonia,EST,2015,128194
Estonia,EST,2020,123628
Estonia,EST,2024,124216
Eswatini,SWZ,1990,31331
Eswatini,SWZ,1995,28204
Eswatini,SWZ,2000,29821
Eswatini,SWZ,2005,33323
Eswatini,SWZ,2010,37292
Eswatini,SWZ,2015,28381
Eswatini,SWZ,2020,19033
Eswatini,SWZ,2024,11561
Ethiopia,ETH,1990,1630810
Ethiopia,ETH,1995,727374
Ethiopia,ETH,2000,418923
Ethiopia,ETH,2005,493987
Ethiopia,ETH,2010,666181
Ethiopia,ETH,2015,896584
Ethiopia,ETH,2020,1075343
Ethiopia,ETH,2024,1240645
Europe,,1990,48903415
Europe,,1995,49085200
Europe,,2000,47099214
Europe,,2005,47925446
Europe,,2010,50550986
Europe,,2015,51828564
Europe,,2020,53566246
Europe,,2024,61061575
Europe and Northern America (UN),,1990,51666993
Europe and Northern America (UN),,1995,52157238
Europe and Northern America (UN),,2000,50315576
Europe and Northern America (UN),,2005,51450712
Europe and Northern America (UN),,2010,54529079
Europe and Northern America (UN),,2015,56052727
Europe and Northern America (UN),,2020,57902217
Europe and Northern America (UN),,2024,65535293
European Union (27),,1990,21994839
European Union (27),,1995,23459785
European Union (27),,2000,22779295
European Union (27),,2005,23593202
European Union (27),,2010,26016924
European Union (27),,2015,27800302
European Union (27),,2020,29247224
European Union (27),,2024,30573537
Falkland Islands,FLK,1990,1082
Falkland Islands,FLK,1995,1839
Falkland Islands,FLK,2000,1525
Falkland Islands,FLK,2005,1100
Falkland Islands,FLK,2010,414
Falkland Islands,FLK,2015,193
Falkland Islands,FLK,2020,106
Falkland Islands,FLK,2024,93
Faroe Islands,FRO,1990,7941
Faroe Islands,FRO,1995,12021
Faroe Islands,FRO,2000,11640
Faroe Islands,FRO,2005,11018
Faroe Islands,FRO,2010,12146
Faroe Islands,FRO,2015,13041
Faroe Islands,FRO,2020,12048
Faroe Islands,FRO,2024,12282
Fiji,FJI,1990,65039
Fiji,FJI,1995,78323
Fiji,FJI,2000,95570
Fiji,FJI,2005,117629
Fiji,FJI,2010,138607
Fiji,FJI,2015,158026
Fiji,FJI,2020,169411
Fiji,FJI,2024,181025
Finland,FIN,1990,266717
Finland,FIN,1995,255507
Finland,FIN,2000,247766
Finland,FIN,2005,236417
Finland,FIN,2010,221943
Finland,FIN,2015,209216
Finland,FIN,2020,195782
Finland,FIN,2024,181834
France,FRA,1990,1413608
France,FRA,1995,1629553
France,FRA,2000,1721390
France,FRA,2005,1855042
France,FRA,2010,2042164
France,FRA,2015,2249670
France,FRA,2020,2400208
France,FRA,2024,2547158
French Guiana,GUF,1990,3047
French Guiana,GUF,1995,3257
French Guiana,GUF,2000,3554
French Guiana,GUF,2005,3694
French Guiana,GUF,2010,3815
French Guiana,GUF,2015,4106
French Guiana,GUF,2020,4128
French Guiana,GUF,2024,4490
French Polynesia,PYF,1990,3056
French Polynesia,PYF,1995,3544
French Polynesia,PYF,2000,4080
French Polynesia,PYF,2005,2549
French Polynesia,PYF,2010,1312
French Polynesia,PYF,2015,1674
French Polynesia,PYF,2020,1915
French Polynesia,PYF,2024,2008
Gabon,GAB,1990,14265
Gabon,GAB,1995,16602
Gabon,GAB,2000,19695
Gabon,GAB,2005,39376
Gabon,GAB,2010,36042
Gabon,GAB,2015,43401
Gabon,GAB,2020,54053
Gabon,GAB,2024,61160
Gambia,GMB,1990,14218
Gambia,GMB,1995,16789
Gambia,GMB,2000,19940
Gambia,GMB,2005,27073
Gambia,GMB,2010,34151
Gambia,GMB,2015,38925
Gambia,GMB,2020,61390
Gambia,GMB,2024,72452
Georgia,GEO,1990,1057640
Georgia,GEO,1995,1031233
Georgia,GEO,2000,979681
Georgia,GEO,2005,879847
Georgia,GEO,2010,780487
Georgia,GEO,2015,637894
Georgia,GEO,2020,545396
Georgia,GEO,2024,496486
Germany,DEU,1990,3870620
Germany,DEU,1995,4825017
Germany,DEU,2000,4107120
Germany,DEU,2005,4078804
Germany,DEU,2010,4260810
Germany,DEU,2015,4207460
Germany,DEU,2020,4204441
Germany,DEU,2024,4297233
Ghana,GHA,1990,344686
Ghana,GHA,1995,361700
Ghana,GHA,2000,445447
Ghana,GHA,2005,606700
Ghana,GHA,2010,718300
Ghana,GHA,2015,846131
Ghana,GHA,2020,963019
Ghana,GHA,2024,1055494
Gibraltar,GIB,1990,477
Gibraltar,GIB,1995,486
Gibraltar,GIB,2000,502
Gibraltar,GIB,2005,510
Gibraltar,GIB,2010,511
Gibraltar,GIB,2015,517
Gibraltar,GIB,2020,494
Gibraltar,GIB,2024,474
Greece,GRC,1990,878261
Greece,GRC,1995,854601
Greece,GRC,2000,857066
Greece,GRC,2005,768388
Greece,GRC,2010,703538
Greece,GRC,2015,759916
Greece,GRC,2020,775995
Greece,GRC,2024,780112
Greenland,GRL,1990,10313
Greenland,GRL,1995,11442
Greenland,GRL,2000,12905
Greenland,GRL,2005,13706
Greenland,GRL,2010,15437
Greenland,GRL,2015,16944
Greenland,GRL,2020,17726
Greenland,GRL,2024,18491
Grenada,GRD,1990,23961
Grenada,GRD,1995,23988
Grenada,GRD,2000,22073
Grenada,GRD,2005,23589
Grenada,GRD,2010,21140
Grenada,GRD,2015,21750
Grenada,GRD,2020,22210
Grenada,GRD,2024,26300
Guadeloupe,GLP,1990,7510
Guadeloupe,GLP,1995,8368
Guadeloupe,GLP,2000,9237
Guadeloupe,GLP,2005,8488
Guadeloupe,GLP,2010,10282
Guadeloupe,GLP,2015,11416
Guadeloupe,GLP,2020,11909
Guadeloupe,GLP,2024,12374
Guam,GUM,1990,1539
Guam,GUM,1995,1810
Guam,GUM,2000,2054
Guam,GUM,2005,1751
Guam,GUM,2010,1228
Guam,GUM,2015,1134
Guam,GUM,2020,1155
Guam,GUM,2024,1179
Guatemala,GTM,1990,323376
Guatemala,GTM,1995,429957
Guatemala,GTM,2000,545695
Guatemala,GTM,2005,737245
Guatemala,GTM,2010,919782
Guatemala,GTM,2015,1067787
Guatemala,GTM,2020,1282668
Guatemala,GTM,2024,1460232
Guinea,GIN,1990,334951
Guinea,GIN,1995,339388
Guinea,GIN,2000,339435
Guinea,GIN,2005,345573
Guinea,GIN,2010,382773
Guinea,GIN,2015,416953
Guinea,GIN,2020,473409
Guinea,GIN,2024,508203
Guinea-Bissau,GNB,1990,45577
Guinea-Bissau,GNB,1995,57547
Guinea-Bissau,GNB,2000,66613
Guinea-Bissau,GNB,2005,73544
Guinea-Bissau,GNB,2010,78973
Guinea-Bissau,GNB,2015,86283
Guinea-Bissau,GNB,2020,98064
Guinea-Bissau,GNB,2024,103999
Guyana,GUY,1990,217690
Guyana,GUY,1995,244138
Guyana,GUY,2000,341369
Guyana,GUY,2005,386766
Guyana,GUY,2010,404368
Guyana,GUY,2015,429943
Guyana,GUY,2020,429266
Guyana,GUY,2024,469649
Haiti,HTI,1990,521381
Haiti,HTI,1995,686087
Haiti,HTI,2000,821140
Haiti,HTI,2005,958254
Haiti,HTI,2010,1157011
Haiti,HTI,2015,1467970
Haiti,HTI,2020,1764699
Haiti,HTI,2024,2017692
High-income countries,,1990,48557609
High-income countries,,1995,49087479
High-income countries,,2000,48040086
High-income countries,,2005,49927537
High-income countries,,2010,53896588
High-income countries,,2015,56575393
High-income countries,,2020,58844552
High-income countries,,2024,61300510
Honduras,HND,1990,157813
Honduras,HND,1995,235452
Honduras,HND,2000,316051
Honduras,HND,2005,456501
Honduras,HND,2010,604765
Honduras,HND,2015,751534
Honduras,HND,2020,1060598
Honduras,HND,2024,1397584
Hong Kong,HKG,1990,569282
Hong Kong,HKG,1995,682700
Hong Kong,HKG,2000,818107
Hong Kong,HKG,2005,849440
Hong Kong,HKG,2010,903793
Hong Kong,HKG,2015,1031087
Hong Kong,HKG,2020,1146271
Hong Kong,HKG,2024,1240250
Hungary,HUN,1990,355019
Hungary,HUN,1995,363574
Hungary,HUN,2000,359746
Hungary,HUN,2005,357651
Hungary,HUN,2010,378410
Hungary,HUN,2015,469269
Hungary,HUN,2020,508918
Hungary,HUN,2024,538794
Iceland,ISL,1990,6586
Iceland,ISL,1995,8745
Iceland,ISL,2000,11709
Iceland,ISL,2005,13497
Iceland,ISL,2010,16404
Iceland,ISL,2015,19596
Iceland,ISL,2020,20887
Iceland,ISL,2024,23326
India,IND,1990,6575416
India,IND,1995,6900228
India,IND,2000,7778792
India,IND,2005,9500673
India,IND,2010,12350515
India,IND,2015,15277263
India,IND,2020,16532761
India,IND,2024,18533845
Indonesia,IDN,1990,1309876
Indonesia,IDN,1995,1664243
Indonesia,IDN,2000,2128328
Indonesia,IDN,2005,2406449
Indonesia,IDN,2010,3031600
Indonesia,IDN,2015,3269321
Indonesia,IDN,2020,3446736
Indonesia,IDN,2024,3745148
Iran,IRN,1990,604892
Iran,IRN,1995,701961
Iran,IRN,2000,835113
Iran,IRN,2005,875530
Iran,IRN,2010,1028854
Iran,IRN,2015,1163612
Iran,IRN,2020,1442650
Iran,IRN,2024,1733468
Iraq,IRQ,1990,598492
Iraq,IRQ,1995,647345
Iraq,IRQ,2000,825369
Iraq,IRQ,2005,1202149
Iraq,IRQ,2010,2697913
Iraq,IRQ,2015,1652951
Iraq,IRQ,2020,2282773
Iraq,IRQ,2024,2313028
Ireland,IRL,1990,927001
Ireland,IRL,1995,905239
Ireland,IRL,2000,809826
Ireland,IRL,2005,764001
Ireland,IRL,2010,765462
Ireland,IRL,2015,762324
Ireland,IRL,2020,729636
Ireland,IRL,2024,714405
Isle of Man,IMN,1990,699
Isle of Man,IMN,1995,724
Isle of Man,IMN,2000,720
Isle of Man,IMN,2005,769
Isle of Man,IMN,2010,889
Isle of Man,IMN,2015,838
Isle of Man,IMN,2020,920
Isle of Man,IMN,2024,908
Israel,ISR,1990,263368
Israel,ISR,1995,321435
Israel,ISR,2000,290092
Israel,ISR,2005,297140
Israel,ISR,2010,300419
Israel,ISR,2015,301155
Israel,ISR,2020,312533
Israel,ISR,2024,324804
Italy,ITA,1990,3354372
Italy,ITA,1995,3154012
Italy,ITA,2000,2998648
Italy,ITA,2005,2751018
Italy,ITA,2010,2666862
Italy,ITA,2015,2756727
Italy,ITA,2020,2886481
Italy,ITA,2024,2941444
Jamaica,JAM,1990,611422
Jamaica,JAM,1995,811937
Jamaica,JAM,2000,833377
Jamaica,JAM,2005,895828
Jamaica,JAM,2010,1005109
Jamaica,JAM,2015,1084528
Jamaica,JAM,2020,1175941
Jamaica,JAM,2024,1248512
Japan,JPN,1990,710783
Japan,JPN,1995,911486
Japan,JPN,2000,846780
Japan,JPN,2005,864518
Japan,JPN,2010,909212
Japan,JPN,2015,943736
Japan,JPN,2020,926826
Japan,JPN,2024,1008173
Jordan,JOR,1990,265920
Jordan,JOR,1995,292015
Jordan,JOR,2000,324675
Jordan,JOR,2005,384315
Jordan,JOR,2010,486197
Jordan,JOR,2015,582220
Jordan,JOR,2020,609679
Jordan,JOR,2024,659204
Kazakhstan,KAZ,1990,3178221
Kazakhstan,KAZ,1995,3270367
Kazakhstan,KAZ,2000,3407178
Kazakhstan,KAZ,2005,3648310
Kazakhstan,KAZ,2010,3753542
Kazakhstan,KAZ,2015,3348874
Kazakhstan,KAZ,2020,3029566
Kazakhstan,KAZ,2024,2796572
Kenya,KEN,1990,238008
Kenya,KEN,1995,249228
Kenya,KEN,2000,296430
Kenya,KEN,2005,346666
Kenya,KEN,2010,390142
Kenya,KEN,2015,452369
Kenya,KEN,2020,483045
Kenya,KEN,2024,540466
Kiribati,KIR,1990,3919
Kiribati,KIR,1995,3882
Kiribati,KIR,2000,3819
Kiribati,KIR,2005,3783
Kiribati,KIR,2010,3344
Kiribati,KIR,2015,4086
Kiribati,KIR,2020,5053
Kiribati,KIR,2024,6306
Kuwait,KWT,1990,64245
Kuwait,KWT,1995,70228
Kuwait,KWT,2000,79931
Kuwait,KWT,2005,87761
Kuwait,KWT,2010,117370
Kuwait,KWT,2015,134398
Kuwait,KWT,2020,149927
Kuwait,KWT,2024,167850
Kyrgyzstan,KGZ,1990,606963
Kyrgyzstan,KGZ,1995,600786
Kyrgyzstan,KGZ,2000,590619
Kyrgyzstan,KGZ,2005,663215
Kyrgyzstan,KGZ,2010,713989
Kyrgyzstan,KGZ,2015,641517
Kyrgyzstan,KGZ,2020,584710
Kyrgyzstan,KGZ,2024,540573
Land-locked Developing Countries (LLDC),,1990,24230881
Land-locked Developing Countries (LLDC),,1995,22746786
Land-locked Developing Countries (LLDC),,2000,22106881
Land-locked Developing Countries (LLDC),,2005,23055686
Land-locked Developing Countries (LLDC),,2010,26019291
Land-locked Developing Countries (LLDC),,2015,28412805
Land-locked Developing Countries (LLDC),,2020,31499061
Land-locked Developing Countries (LLDC),,2024,35204570
Laos,LAO,1990,311756
Laos,LAO,1995,359736
Laos,LAO,2000,363370
Laos,LAO,2005,471052
Laos,LAO,2010,563709
Laos,LAO,2015,598860
Laos,LAO,2020,609093
Laos,LAO,2024,660258
Latin America and the Caribbean (UN),,1990,14438417
Latin America and the Caribbean (UN),,1995,18875340
Latin America and the Caribbean (UN),,2000,23244130
Latin America and the Caribbean (UN),,2005,28524869
Latin America and the Caribbean (UN),,2010,32980368
Latin America and the Caribbean (UN),,2015,34988655
Latin America and the Caribbean (UN),,2020,42128506
Latin America and the Caribbean (UN),,2024,48269815
Latvia,LVA,1990,181952
Latvia,LVA,1995,186182
Latvia,LVA,2000,184708
Latvia,LVA,2005,183414
Latvia,LVA,2010,183282
Latvia,LVA,2015,175523
Latvia,LVA,2020,166868
Latvia,LVA,2024,161014
Lebanon,LBN,1990,408352
Lebanon,LBN,1995,415740
Lebanon,LBN,2000,467495
Lebanon,LBN,2005,493327
Lebanon,LBN,2010,550096
Lebanon,LBN,2015,594974
Lebanon,LBN,2020,631071
Lebanon,LBN,2024,681720
Lesotho,LSO,1990,130251
Lesotho,LSO,1995,122192
Lesotho,LSO,2000,121214
Lesotho,LSO,2005,138931
Lesotho,LSO,2010,161987
Lesotho,LSO,2015,191588
Lesotho,LSO,2020,224803
Lesotho,LSO,2024,246938
Liberia,LBR,1990,539145
Liberia,LBR,1995,562699
Liberia,LBR,2000,270603
Liberia,LBR,2005,349718
Liberia,LBR,2010,186132
Liberia,LBR,2015,150490
Liberia,LBR,2020,147341
Liberia,LBR,2024,145919
Libya,LBY,1990,78841
Libya,LBY,1995,81041
Libya,LBY,2000,80451
Libya,LBY,2005,81361
Libya,LBY,2010,99826
Libya,LBY,2015,119270
Libya,LBY,2020,145103
Libya,LBY,2024,156874
Liechtenstein,LIE,1990,22
Liechtenstein,LIE,1995,28
Liechtenstein,LIE,2000,52
Liechtenstein,LIE,2005,154
Liechtenstein,LIE,2010,264
Liechtenstein,LIE,2015,293
Liechtenstein,LIE,2020,314
Liechtenstein,LIE,2024,346
Lithuania,LTU,1990,343671
Lithuania,LTU,1995,313225
Lithuania,LTU,2000,287335
Lithuania,LTU,2005,278878
Lithuania,LTU,2010,354264
Lithuania,LTU,2015,409441
Lithuania,LTU,2020,437638
Lithuania,LTU,2024,459268
Low-income countries,,1990,18260226
Low-income countries,,1995,15940023
Low-income countries,,2000,15073902
Low-income countries,,2005,15356761
Low-income countries,,2010,18849423
Low-income countries,,2015,28710928
Low-income countries,,2020,35117582
Low-income countries,,2024,41112765
Lower-middle-income countries,,1990,34490001
Lower-middle-income countries,,1995,37632718
Lower-middle-income countries,,2000,42298169
Lower-middle-income countries,,2005,49874540
Lower-middle-income countries,,2010,61060123
Lower-middle-income countries,,2015,73263153
Lower-middle-income countries,,2020,80655497
Lower-middle-income countries,,2024,88797352
Luxembourg,LUX,1990,27725
Luxembourg,LUX,1995,29087
Luxembourg,LUX,2000,30943
Luxembourg,LUX,2005,33941
Luxembourg,LUX,2010,36675
Luxembourg,LUX,2015,41099
Luxembourg,LUX,2020,43235
Luxembourg,LUX,2024,61859
Macao,MAC,1990,73961
Macao,MAC,1995,79787
Macao,MAC,2000,86316
Macao,MAC,2005,93169
Macao,MAC,2010,101050
Macao,MAC,2015,116399
Macao,MAC,2020,139129
Macao,MAC,2024,149247
Madagascar,MDG,1990,82170
Madagascar,MDG,1995,98560
Madagascar,MDG,2000,119159
Madagascar,MDG,2005,143188
Madagascar,MDG,2010,156279
Madagascar,MDG,2015,175803
Madagascar,MDG,2020,196997
Madagascar,MDG,2024,212455
Malawi,MWI,1990,138206
Malawi,MWI,1995,134253
Malawi,MWI,2000,167695
Malawi,MWI,2005,216125
Malawi,MWI,2010,259343
Malawi,MWI,2015,307175
Malawi,MWI,2020,372914
Malawi,MWI,2024,427573
Malaysia,MYS,1990,663690
Malaysia,MYS,1995,891900
Malaysia,MYS,2000,1165408
Malaysia,MYS,2005,1283218
Malaysia,MYS,2010,1647051
Malaysia,MYS,2015,1916776
Malaysia,MYS,2020,2118942
Malaysia,MYS,2024,2433875
Maldives,MDV,1990,1685
Maldives,MDV,1995,1092
Maldives,MDV,2000,824
Maldives,MDV,2005,1432
Maldives,MDV,2010,2624
Maldives,MDV,2015,2694
Maldives,MDV,2020,2703
Maldives,MDV,2024,2773
Mali,MLI,1990,587626
Mali,MLI,1995,743318
Mali,MLI,2000,706904
Mali,MLI,2005,822077
Mali,MLI,2010,897610
Mali,MLI,2015,1117148
Mali,MLI,2020,1200058
Mali,MLI,2024,1292519
Malta,MLT,1990,66353
Malta,MLT,1995,67484
Malta,MLT,2000,64124
Malta,MLT,2005,61981
Malta,MLT,2010,58858
Malta,MLT,2015,54505
Malta,MLT,2020,49061
Malta,MLT,2024,43940
Marshall Islands,MHL,1990,314
Marshall Islands,MHL,1995,385
Marshall Islands,MHL,2000,468
Marshall Islands,MHL,2005,435
Marshall Islands,MHL,2010,379
Marshall Islands,MHL,2015,379
Marshall Islands,MHL,2020,387
Marshall Islands,MHL,2024,400
Martinique,MTQ,1990,10837
Martinique,MTQ,1995,12302
Martinique,MTQ,2000,13801
Martinique,MTQ,2005,13941
Martinique,MTQ,2010,14145
Martinique,MTQ,2015,12097
Martinique,MTQ,2020,12498
Martinique,MTQ,2024,12893
Mauritania,MRT,1990,111270
Mauritania,MRT,1995,127054
Mauritania,MRT,2000,81064
Mauritania,MRT,2005,69192
Mauritania,MRT,2010,73350
Mauritania,MRT,2015,73527
Mauritania,MRT,2020,86409
Mauritania,MRT,2024,91705
Mauritius,MUS,1990,64202
Mauritius,MUS,1995,72122
Mauritius,MUS,2000,77904
Mauritius,MUS,2005,88522
Mauritius,MUS,2010,102296
Mauritius,MUS,2015,109779
Mauritius,MUS,2020,112089
Mauritius,MUS,2024,114314
Mayotte,MYT,1990,1835
Mayotte,MYT,1995,3937
Mayotte,MYT,2000,6214
Mayotte,MYT,2005,6468
Mayotte,MYT,2010,6336
Mayotte,MYT,2015,6545
Mayotte,MYT,2020,6767
Mayotte,MYT,2024,6960
Melanesia,OWID_MNS,1990,102238
Melanesia,OWID_MNS,1995,118072
Melanesia,OWID_MNS,2000,135638
Melanesia,OWID_MNS,2005,159726
Melanesia,OWID_MNS,2010,184414
Melanesia,OWID_MNS,2015,206764
Melanesia,OWID_MNS,2020,221491
Melanesia,OWID_MNS,2024,244711
Mexico,MEX,1990,4588874
Mexico,MEX,1995,7165639
Mexico,MEX,2000,9367663
Mexico,MEX,2005,11329536
Mexico,MEX,2010,12108928
Mexico,MEX,2015,12184226
Mexico,MEX,2020,11452717
Mexico,MEX,2024,11596529
Micronesia,,1990,17262
Micronesia,,1995,19869
Micronesia,,2000,22524
Micronesia,,2005,24407
Micronesia,,2010,24603
Micronesia,,2015,25218
Micronesia,,2020,27219
Micronesia,,2024,29390
Micronesia (country),FSM,1990,4940
Micronesia (country),FSM,1995,7116
Micronesia (country),FSM,2000,9334
Micronesia (country),FSM,2005,11237
Micronesia (country),FSM,2010,12464
Micronesia (country),FSM,2015,12401
Micronesia (country),FSM,2020,13033
Micronesia (country),FSM,2024,13568
Middle Africa (UN),,1990,1771850
Middle Africa (UN),,1995,1690429
Middle Africa (UN),,2000,2267420
Middle Africa (UN),,2005,2544029
Middle Africa (UN),,2010,2775253
Middle Africa (UN),,2015,3546465
Middle Africa (UN),,2020,4264915
Middle Africa (UN),,2024,4792635
Moldova,MDA,1990,634901
Moldova,MDA,1995,606003
Moldova,MDA,2000,563893
Moldova,MDA,2005,628876
Moldova,MDA,2010,717352
Moldova,MDA,2015,745934
Moldova,MDA,2020,812653
Moldova,MDA,2024,864257
Monaco,MCO,1990,15534
Monaco,MCO,1995,15692
Monaco,MCO,2000,16367
Monaco,MCO,2005,19616
Monaco,MCO,2010,26148
Monaco,MCO,2015,28636
Monaco,MCO,2020,33812
Monaco,MCO,2024,36682
Mongolia,MNG,1990,71033
Mongolia,MNG,1995,79613
Mongolia,MNG,2000,88244
Mongolia,MNG,2005,98174
Mongolia,MNG,2010,114217
Mongolia,MNG,2015,124542
Mongolia,MNG,2020,153554
Mongolia,MNG,2024,175596
Montenegro,MNE,1990,108639
Montenegro,MNE,1995,106877
Montenegro,MNE,2000,102948
Montenegro,MNE,2005,98615
Montenegro,MNE,2010,100961
Montenegro,MNE,2015,102965
Montenegro,MNE,2020,94731
Montenegro,MNE,2024,90678
Montserrat,MSR,1990,2006
Montserrat,MSR,1995,2272
Montserrat,MSR,2000,2575
Montserrat,MSR,2005,2791
Montserrat,MSR,2010,2993
Montserrat,MSR,2015,3134
Montserrat,MSR,2020,3239
Montserrat,MSR,2024,3341
Morocco,MAR,1990,1297857
Morocco,MAR,1995,1506124
Morocco,MAR,2000,1756024
Morocco,MAR,2005,2291145
Morocco,MAR,2010,2733747
Morocco,MAR,2015,2907733
Morocco,MAR,2020,3293170
Morocco,MAR,2024,3627829
Mozambique,MOZ,1990,1989048
Mozambique,MOZ,1995,761443
Mozambique,MOZ,2000,650229
Mozambique,MOZ,2005,641039
Mozambique,MOZ,2010,655516
Mozambique,MOZ,2015,671672
Mozambique,MOZ,2020,689058
Mozambique,MOZ,2024,702796
Myanmar,MMR,1990,529164
Myanmar,MMR,1995,530678
Myanmar,MMR,2000,671239
Myanmar,MMR,2005,1254165
Myanmar,MMR,2010,2129897
Myanmar,MMR,2015,2517411
Myanmar,MMR,2020,3611603
Myanmar,MMR,2024,4320462
Namibia,NAM,1990,45857
Namibia,NAM,1995,36999
Namibia,NAM,2000,44921
Namibia,NAM,2005,47680
Namibia,NAM,2010,45530
Namibia,NAM,2015,43728
Namibia,NAM,2020,42223
Namibia,NAM,2024,40371
Nauru,NRU,1990,1370
Nauru,NRU,1995,1482
Nauru,NRU,2000,1565
Nauru,NRU,2005,1836
Nauru,NRU,2010,2092
Nauru,NRU,2015,2196
Nauru,NRU,2020,2345
Nauru,NRU,2024,2484
Nepal,NPL,1990,523915
Nepal,NPL,1995,602711
Nepal,NPL,2000,707896
Nepal,NPL,2005,1056250
Nepal,NPL,2010,1402556
Nepal,NPL,2015,2112726
Nepal,NPL,2020,2357848
Nepal,NPL,2024,2637195
Netherlands,NLD,1990,482951
Netherlands,NLD,1995,500299
Netherlands,NLD,2000,515256
Netherlands,NLD,2005,560613
Netherlands,NLD,2010,597525
Netherlands,NLD,2015,594329
Netherlands,NLD,2020,599736
Netherlands,NLD,2024,631391
New Caledonia,NCL,1990,3957
New Caledonia,NCL,1995,4324
New Caledonia,NCL,2000,4675
New Caledonia,NCL,2005,4971
New Caledonia,NCL,2010,5055
New Caledonia,NCL,2015,5112
New Caledonia,NCL,2020,5097
New Caledonia,NCL,2024,5082
New Zealand,NZL,1990,329134
New Zealand,NZL,1995,381056
New Zealand,NZL,2000,454340
New Zealand,NZL,2005,518239
New Zealand,NZL,2010,620805
New Zealand,NZL,2015,675441
New Zealand,NZL,2020,679479
New Zealand,NZL,2024,679772
Nicaragua,NIC,1990,445757
Nicaragua,NIC,1995,487148
Nicaragua,NIC,2000,494067
Nicaragua,NIC,2005,545324
Nicaragua,NIC,2010,609093
Nicaragua,NIC,2015,633892
Nicaragua,NIC,2020,749552
Nicaragua,NIC,2024,905251
Niger,NER,1990,162733
Niger,NER,1995,189413
Niger,NER,2000,219232
Niger,NER,2005,317174
Niger,NER,2010,350773
Niger,NER,2015,390945
Niger,NER,2020,416964
Niger,NER,2024,439378
Nigeria,NGA,1990,394107
Nigeria,NGA,1995,467021
Nigeria,NGA,2000,542140
Nigeria,NGA,2005,763991
Nigeria,NGA,2010,978678
Nigeria,NGA,2015,1359519
Nigeria,NGA,2020,1768444
Nigeria,NGA,2024,2094265
Niue,NIU,1990,5640
Niue,NIU,1995,5673
Niue,NIU,2000,5870
Niue,NIU,2005,5554
Niue,NIU,2010,5231
Niue,NIU,2015,5059
Niue,NIU,2020,4968
Niue,NIU,2024,4955
North America,,1990,13193857
North America,,1995,17106222
North America,,2000,20282660
North America,,2005,23710635
North America,,2010,26628628
North America,,2015,28453157
North America,,2020,29630565
North America,,2024,31580108
North Korea,PRK,1990,31450
North Korea,PRK,1995,33120
North Korea,PRK,2000,34814
North Korea,PRK,2005,39887
North Korea,PRK,2010,49563
North Korea,PRK,2015,56701
North Korea,PRK,2020,50879
North Korea,PRK,2024,46379
North Macedonia,MKD,1990,398374
North Macedonia,MKD,1995,411470
North Macedonia,MKD,2000,424184
North Macedonia,MKD,2005,428969
North Macedonia,MKD,2010,430535
North Macedonia,MKD,2015,437223
North Macedonia,MKD,2020,485263
North Macedonia,MKD,2024,534616
Northern Africa (UN),,1990,5553208
Northern Africa (UN),,1995,6056357
Northern Africa (UN),,2000,6577634
Northern Africa (UN),,2005,8075940
Northern Africa (UN),,2010,9585925
Northern Africa (UN),,2015,11895930
Northern Africa (UN),,2020,12871776
Northern Africa (UN),,2024,15089063
Northern Africa and Western Asia (UN),,1990,14986109
Northern Africa and Western Asia (UN),,1995,17216219
Northern Africa and Western Asia (UN),,2000,18728264
Northern Africa and Western Asia (UN),,2005,21198002
Northern Africa and Western Asia (UN),,2010,25429492
Northern Africa and Western Asia (UN),,2015,32508087
Northern Africa and Western Asia (UN),,2020,37196853
Northern Africa and Western Asia (UN),,2024,40529326
Northern America (UN),,1990,2850358
Northern America (UN),,1995,3146192
Northern America (UN),,2000,3279199
Northern America (UN),,2005,3590846
Northern America (UN),,2010,4046448
Northern America (UN),,2015,4294317
Northern America (UN),,2020,4411379
Northern America (UN),,2024,4554127
Northern Europe (UN),,1990,6038511
Northern Europe (UN),,1995,6071127
Northern Europe (UN),,2000,5970733
Northern Europe (UN),,2005,6208956
Northern Europe (UN),,2010,6607639
Northern Europe (UN),,2015,6717848
Northern Europe (UN),,2020,6830070
Northern Europe (UN),,2024,6951612
Northern Mariana Islands,MNP,1990,2229
Northern Mariana Islands,MNP,1995,2359
Northern Mariana Islands,MNP,2000,2480
Northern Mariana Islands,MNP,2005,2549
Northern Mariana Islands,MNP,2010,2542
Northern Mariana Islands,MNP,2015,2532
Northern Mariana Islands,MNP,2020,2664
Northern Mariana Islands,MNP,2024,2779
Norway,NOR,1990,88450
Norway,NOR,1995,84525
Norway,NOR,2000,87049
Norway,NOR,2005,94553
Norway,NOR,2010,98853
Norway,NOR,2015,101769
Norway,NOR,2020,110143
Norway,NOR,2024,120891
Oceania,,1990,819761
Oceania,,1995,929288
Oceania,,2000,1071329
Oceania,,2005,1195774
Oceania,,2010,1353618
Oceania,,2015,1492055
Oceania,,2020,1549157
Oceania,,2024,1602503
Oman,OMN,1990,10920
Oman,OMN,1995,10800
Oman,OMN,2000,10898
Oman,OMN,2005,13313
Oman,OMN,2010,14009
Oman,OMN,2015,15667
Oman,OMN,2020,16877
Oman,OMN,2024,17095
Pakistan,PAK,1990,3131865
Pakistan,PAK,1995,3116501
Pakistan,PAK,2000,3272459
Pakistan,PAK,2005,3715061
Pakistan,PAK,2010,4684523
Pakistan,PAK,2015,6190815
Pakistan,PAK,2020,6372467
Pakistan,PAK,2024,6915057
Palau,PLW,1990,2951
Palau,PLW,1995,2835
Palau,PLW,2000,2804
Palau,PLW,2005,2816
Palau,PLW,2010,2554
Palau,PLW,2015,2490
Palau,PLW,2020,2582
Palau,PLW,2024,2674
Palestine,PSE,1990,1824634
Palestine,PSE,1995,2368382
Palestine,PSE,2000,2851675
Palestine,PSE,2005,3445320
Palestine,PSE,2010,3493678
Palestine,PSE,2015,3797793
Palestine,PSE,2020,4072904
Palestine,PSE,2024,4233248
Panama,PAN,1990,144087
Panama,PAN,1995,131983
Panama,PAN,2000,166111
Panama,PAN,2005,167840
Panama,PAN,2010,173244
Panama,PAN,2015,177743
Panama,PAN,2020,179794
Panama,PAN,2024,194816
Papua New Guinea,PNG,1990,26144
Papua New Guinea,PNG,1995,27421
Papua New Guinea,PNG,2000,26811
Papua New Guinea,PNG,2005,27858
Papua New Guinea,PNG,2010,30830
Papua New Guinea,PNG,2015,34339
Papua New Guinea,PNG,2020,34471
Papua New Guinea,PNG,2024,35050
Paraguay,PRY,1990,321268
Paraguay,PRY,1995,341859
Paraguay,PRY,2000,364636
Paraguay,PRY,2005,476193
Paraguay,PRY,2010,681322
Paraguay,PRY,2015,674976
Paraguay,PRY,2020,708390
Paraguay,PRY,2024,746362
Peru,PER,1990,302008
Peru,PER,1995,478308
Peru,PER,2000,634278
Peru,PER,2005,914622
Peru,PER,2010,1231719
Peru,PER,2015,1314688
Peru,PER,2020,1460493
Peru,PER,2024,1672482
Philippines,PHL,1990,2167140
Philippines,PHL,1995,2736078
Philippines,PHL,2000,3310102
Philippines,PHL,2005,3925727
Philippines,PHL,2010,4941994
Philippines,PHL,2015,6000348
Philippines,PHL,2020,6461086
Philippines,PHL,2024,6988383
Poland,POL,1990,2317607
Poland,POL,1995,2546193
Poland,POL,2000,2502866
Poland,POL,2005,2798776
Poland,POL,2010,3673715
Poland,POL,2015,4154666
Poland,POL,2020,4365879
Poland,POL,2024,4572613
Polynesia,OWID_PYA,1990,120218
Polynesia,OWID_PYA,1995,129506
Polynesia,OWID_PYA,2000,147298
Polynesia,OWID_PYA,2005,156076
Polynesia,OWID_PYA,2010,161618
Polynesia,OWID_PYA,2015,181299
Polynesia,OWID_PYA,2020,200296
Polynesia,OWID_PYA,2024,217912
Portugal,PRT,1990,1589830
Portugal,PRT,1995,1540545
Portugal,PRT,2000,1554095
Portugal,PRT,2005,1622764
Portugal,PRT,2010,1727839
Portugal,PRT,2015,1801647
Portugal,PRT,2020,1729500
Portugal,PRT,2024,1799179
Puerto Rico,PRI,1990,922587
Puerto Rico,PRI,1995,1043769
Puerto Rico,PRI,2000,1181295
Puerto Rico,PRI,2005,1357565
Puerto Rico,PRI,2010,1554887
Puerto Rico,PRI,2015,1708615
Puerto Rico,PRI,2020,1886872
Puerto Rico,PRI,2024,1948223
Qatar,QAT,1990,11435
Qatar,QAT,1995,11463
Qatar,QAT,2000,11605
Qatar,QAT,2005,13249
Qatar,QAT,2010,15397
Qatar,QAT,2015,16605
Qatar,QAT,2020,18513
Qatar,QAT,2024,19821
Reunion,REU,1990,3903
Reunion,REU,1995,3639
Reunion,REU,2000,3078
Reunion,REU,2005,2624
Reunion,REU,2010,2425
Reunion,REU,2015,2364
Reunion,REU,2020,2336
Reunion,REU,2024,2357
Romania,ROU,1990,957791
Romania,ROU,1995,1142520
Romania,ROU,2000,1226172
Romania,ROU,2005,1960907
Romania,ROU,2010,2979844
Romania,ROU,2015,3535273
Romania,ROU,2020,4191022
Romania,ROU,2024,4583819
Russia,RUS,1990,12427364
Russia,RUS,1995,10281407
Russia,RUS,2000,8879470
Russia,RUS,2005,8675250
Russia,RUS,2010,8545806
Russia,RUS,2015,8528582
Russia,RUS,2020,8747396
Russia,RUS,2024,9134094
Rwanda,RWA,1990,584280
Rwanda,RWA,1995,2109879
Rwanda,RWA,2000,346850
Rwanda,RWA,2005,293186
Rwanda,RWA,2010,334656
Rwanda,RWA,2015,496392
Rwanda,RWA,2020,486754
Rwanda,RWA,2024,539046
Saint Helena,SHN,1990,152
Saint Helena,SHN,1995,157
Saint Helena,SHN,2000,262
Saint Helena,SHN,2005,267
Saint Helena,SHN,2010,396
Saint Helena,SHN,2015,428
Saint Helena,SHN,2020,506
Saint Helena,SHN,2024,591
Saint Kitts and Nevis,KNA,1990,9854
Saint Kitts and Nevis,KNA,1995,10825
Saint Kitts and Nevis,KNA,2000,11826
Saint Kitts and Nevis,KNA,2005,12011
Saint Kitts and Nevis,KNA,2010,11543
Saint Kitts and Nevis,KNA,2015,12179
Saint Kitts and Nevis,KNA,2020,13154
Saint Kitts and Nevis,KNA,2024,13872
Saint Lucia,LCA,1990,14018
Saint Lucia,LCA,1995,15676
Saint Lucia,LCA,2000,17419
Saint Lucia,LCA,2005,17110
Saint Lucia,LCA,2010,17985
Saint Lucia,LCA,2015,19620
Saint Lucia,LCA,2020,20127
Saint Lucia,LCA,2024,21706
Saint Pierre and Miquelon,SPM,1990,61
Saint Pierre and Miquelon,SPM,1995,85
Saint Pierre and Miquelon,SPM,2000,112
Saint Pierre and Miquelon,SPM,2005,106
Saint Pierre and Miquelon,SPM,2010,105
Saint Pierre and Miquelon,SPM,2015,111
Saint Pierre and Miquelon,SPM,2020,122
Saint Pierre and Miquelon,SPM,2024,156
Saint Vincent and the Grenadines,VCT,1990,23344
Saint Vincent and the Grenadines,VCT,1995,24675
Saint Vincent and the Grenadines,VCT,2000,25484
Saint Vincent and the Grenadines,VCT,2005,26574
Saint Vincent and the Grenadines,VCT,2010,26840
Saint Vincent and the Grenadines,VCT,2015,29222
Saint Vincent and the Grenadines,VCT,2020,30568
Saint Vincent and the Grenadines,VCT,2024,35264
Samoa,WSM,1990,64643
Samoa,WSM,1995,69079
Samoa,WSM,2000,77905
Samoa,WSM,2005,84416
Samoa,WSM,2010,88359
Samoa,WSM,2015,97923
Samoa,WSM,2020,109124
Samoa,WSM,2024,119313
San Marino,SMR,1990,2457
San Marino,SMR,1995,2382
San Marino,SMR,2000,2237
San Marino,SMR,2005,2080
San Marino,SMR,2010,1954
San Marino,SMR,2015,1866
San Marino,SMR,2020,2433
San Marino,SMR,2024,1991
Sao Tome and Principe,STP,1990,13668
Sao Tome and Principe,STP,1995,18868
Sao Tome and Principe,STP,2000,24414
Sao Tome and Principe,STP,2005,28200
Sao Tome and Principe,STP,2010,29623
Sao Tome and Principe,STP,2015,33671
Sao Tome and Principe,STP,2020,37872
Sao Tome and Principe,STP,2024,41433
Saudi Arabia,SAU,1990,73557
Saudi Arabia,SAU,1995,91112
Saudi Arabia,SAU,2000,113266
Saudi Arabia,SAU,2005,110937
Saudi Arabia,SAU,2010,143733
Saudi Arabia,SAU,2015,159958
Saudi Arabia,SAU,2020,215551
Saudi Arabia,SAU,2024,236699
Senegal,SEN,1990,325275
Senegal,SEN,1995,318928
Senegal,SEN,2000,366397
Senegal,SEN,2005,425788
Senegal,SEN,2010,498417
Senegal,SEN,2015,558252
Senegal,SEN,2020,665735
Senegal,SEN,2024,741357
Serbia,SRB,1990,366262
Serbia,SRB,1995,428537
Serbia,SRB,2000,476586
Serbia,SRB,2005,510878
Serbia,SRB,2010,620292
Serbia,SRB,2015,775447
Serbia,SRB,2020,859370
Serbia,SRB,2024,963307
Seychelles,SYC,1990,10497
Seychelles,SYC,1995,13042
Seychelles,SYC,2000,14346
Seychelles,SYC,2005,18364
Seychelles,SYC,2010,20399
Seychelles,SYC,2015,21141
Seychelles,SYC,2020,21722
Seychelles,SYC,2024,22191
Sierra Leone,SLE,1990,42497
Sierra Leone,SLE,1995,423611
Sierra Leone,SLE,2000,459995
Sierra Leone,SLE,2005,89467
Sierra Leone,SLE,2010,57946
Sierra Leone,SLE,2015,59400
Sierra Leone,SLE,2020,64980
Sierra Leone,SLE,2024,63631
Singapore,SGP,1990,156619
Singapore,SGP,1995,170806
Singapore,SGP,2000,186401
Singapore,SGP,2005,206277
Singapore,SGP,2010,231411
Singapore,SGP,2015,254347
Singapore,SGP,2020,264487
Singapore,SGP,2024,269613
Sint Maarten (Dutch part),SXM,1990,1108
Sint Maarten (Dutch part),SXM,1995,1320
Sint Maarten (Dutch part),SXM,2000,1594
Sint Maarten (Dutch part),SXM,2005,1655
Sint Maarten (Dutch part),SXM,2010,1698
Sint Maarten (Dutch part),SXM,2015,1793
Sint Maarten (Dutch part),SXM,2020,1945
Sint Maarten (Dutch part),SXM,2024,2464
Slovakia,SVK,1990,322859
Slovakia,SVK,1995,335476
Slovakia,SVK,2000,352303
Slovakia,SVK,2005,370695
Slovakia,SVK,2010,399133
Slovakia,SVK,2015,400856
Slovakia,SVK,2020,394449
Slovakia,SVK,2024,389909
Slovenia,SVN,1990,112702
Slovenia,SVN,1995,124463
Slovenia,SVN,2000,107988
Slovenia,SVN,2005,94891
Slovenia,SVN,2010,91568
Slovenia,SVN,2015,91655
Slovenia,SVN,2020,81068
Slovenia,SVN,2024,78808
Small Island Developing States (SIDS),,1990,4758273
Small Island Developing States (SIDS),,1995,5678716
Small Island Developing States (SIDS),,2000,6749895
Small Island Developing States (SIDS),,2005,7350981
Small Island Developing States (SIDS),,2010,8502622
Small Island Developing States (SIDS),,2015,9708235
Small Island Developing States (SIDS),,2020,10911697
Small Island Developing States (SIDS),,2024,11966357
Solomon Islands,SLB,1990,2171
Solomon Islands,SLB,1995,2348
Solomon Islands,SLB,2000,2398
Solomon Islands,SLB,2005,2671
Solomon Islands,SLB,2010,3024
Solomon Islands,SLB,2015,3447
Solomon Islands,SLB,2020,4047
Solomon Islands,SLB,2024,8352
Somalia,SOM,1990,599233
Somalia,SOM,1995,791721
Somalia,SOM,2000,758781
Somalia,SOM,2005,756046
Somalia,SOM,2010,1237640
Somalia,SOM,2015,1719780
Somalia,SOM,2020,1701493
Somalia,SOM,2024,1935594
South Africa,ZAF,1990,295392
South Africa,ZAF,1995,357986
South Africa,ZAF,2000,494645
South Africa,ZAF,2005,613772
South Africa,ZAF,2010,704402
South Africa,ZAF,2015,782819
South Africa,ZAF,2020,898203
South Africa,ZAF,2024,1005800
South America,,1990,4094918
South America,,1995,4915310
South America,,2000,6240669
South America,,2005,8405080
South America,,2010,10398188
South America,,2015,10829815
South America,,2020,16909320
South America,,2024,21243834
South Korea,KOR,1990,1744465
South Korea,KOR,1995,1812749
South Korea,KOR,2000,1897540
South Korea,KOR,2005,2001950
South Korea,KOR,2010,2164782
South Korea,KOR,2015,2162256
South Korea,KOR,2020,2038995
South Korea,KOR,2024,2030473
South Sudan,SSD,1990,479199
South Sudan,SSD,1995,266027
South Sudan,SSD,2000,283331
South Sudan,SSD,2005,211198
South Sudan,SSD,2010,321713
South Sudan,SSD,2015,853845
South Sudan,SSD,2020,2374400
South Sudan,SSD,2024,3168836
South-Eastern Asia (UN),,1990,6884845
South-Eastern Asia (UN),,1995,8557750
South-Eastern Asia (UN),,2000,10788055
South-Eastern Asia (UN),,2005,12830697
South-Eastern Asia (UN),,2010,16314789
South-Eastern Asia (UN),,2015,18969075
South-Eastern Asia (UN),,2020,21787389
South-Eastern Asia (UN),,2024,24224991
Southern Africa (UN),,1990,526813
Southern Africa (UN),,1995,562868
Southern Africa (UN),,2000,712756
Southern Africa (UN),,2005,855864
Southern Africa (UN),,2010,969080
Southern Africa (UN),,2015,1064677
Southern Africa (UN),,2020,1201659
Southern Africa (UN),,2024,1321401
Southern Asia (UN),,1990,24262062
Southern Asia (UN),,1995,21535336
Southern Asia (UN),,2000,23333766
Southern Asia (UN),,2005,25278283
Southern Asia (UN),,2010,31962340
Southern Asia (UN),,2015,39106237
Southern Asia (UN),,2020,41985779
Southern Asia (UN),,2024,47616527
Southern Europe (UN),,1990,10381163
Southern Europe (UN),,1995,11086187
Southern Europe (UN),,2000,11216178
Southern Europe (UN),,2005,10737085
Southern Europe (UN),,2010,10833950
Southern Europe (UN),,2015,11356238
Southern Europe (UN),,2020,11909456
Southern Europe (UN),,2024,12511512
Spain,ESP,1990,1374696
Spain,ESP,1995,1238438
Spain,ESP,2000,1177275
Spain,ESP,2005,1126330
Spain,ESP,2010,1138608
Spain,ESP,2015,1307006
Spain,ESP,2020,1471585
Spain,ESP,2024,1623550
Sri Lanka,LKA,1990,843476
Sri Lanka,LKA,1995,721651
Sri Lanka,LKA,2000,786520
Sri Lanka,LKA,2005,910507
Sri Lanka,LKA,2010,1108466
Sri Lanka,LKA,2015,1246445
Sri Lanka,LKA,2020,1409777
Sri Lanka,LKA,2024,1492103
Sub-Saharan Africa (UN),,1990,14124662
Sub-Saharan Africa (UN),,1995,15183742
Sub-Saharan Africa (UN),,2000,14584913
Sub-Saharan Africa (UN),,2005,16004417
Sub-Saharan Africa (UN),,2010,18243295
Sub-Saharan Africa (UN),,2015,22763602
Sub-Saharan Africa (UN),,2020,27134957
Sub-Saharan Africa (UN),,2024,30661610
Sudan,SDN,1990,465978
Sudan,SDN,1995,660265
Sudan,SDN,2000,743460
Sudan,SDN,2005,1119655
Sudan,SDN,2010,1194477
Sudan,SDN,2015,2209101
Sudan,SDN,2020,2378503
Sudan,SDN,2024,3786603
Suriname,SUR,1990,201053
Suriname,SUR,1995,214997
Suriname,SUR,2000,224382
Suriname,SUR,2005,240484
Suriname,SUR,2010,243661
Suriname,SUR,2015,238769
Suriname,SUR,2020,250122
Suriname,SUR,2024,258026
Sweden,SWE,1990,114669
Sweden,SWE,1995,121543
Sweden,SWE,2000,139034
Sweden,SWE,2005,153310
Sweden,SWE,2010,177468
Sweden,SWE,2015,190827
Sweden,SWE,2020,200769
Sweden,SWE,2024,223508
Switzerland,CHE,1990,396651
Switzerland,CHE,1995,420665
Switzerland,CHE,2000,440639
Switzerland,CHE,2005,467978
Switzerland,CHE,2010,491884
Switzerland,CHE,2015,499929
Switzerland,CHE,2020,507043
Switzerland,CHE,2024,512547
Syria,SYR,1990,296211
Syria,SYR,1995,342460
Syria,SYR,2000,382108
Syria,SYR,2005,547473
Syria,SYR,2010,1265925
Syria,SYR,2015,5981460
Syria,SYR,2020,8652202
Syria,SYR,2024,8927523
Taiwan,TWN,1990,388755
Taiwan,TWN,1995,429257
Taiwan,TWN,2000,593675
Taiwan,TWN,2005,645094
Taiwan,TWN,2010,723110
Taiwan,TWN,2015,801098
Taiwan,TWN,2020,810609
Taiwan,TWN,2024,832507
Tajikistan,TJK,1990,552860
Tajikistan,TJK,1995,566001
Tajikistan,TJK,2000,542408
Tajikistan,TJK,2005,574337
Tajikistan,TJK,2010,555214
Tajikistan,TJK,2015,536498
Tajikistan,TJK,2020,517979
Tajikistan,TJK,2024,514478
Tanzania,TZA,1990,194717
Tanzania,TZA,1995,210718
Tanzania,TZA,2000,192774
Tanzania,TZA,2005,202455
Tanzania,TZA,2010,208185
Tanzania,TZA,2015,221603
Tanzania,TZA,2020,219530
Tanzania,TZA,2024,225017
Thailand,THA,1990,298071
Thailand,THA,1995,479776
Thailand,THA,2000,607699
Thailand,THA,2005,648137
Thailand,THA,2010,724614
Thailand,THA,2015,907298
Thailand,THA,2020,1075834
Thailand,THA,2024,1178757
Togo,TGO,1990,184145
Togo,TGO,1995,294188
Togo,TGO,2000,253143
Togo,TGO,2005,391527
Togo,TGO,2010,407152
Togo,TGO,2015,489237
Togo,TGO,2020,539877
Togo,TGO,2024,584790
Tokelau,TKL,1990,295
Tokelau,TKL,1995,352
Tokelau,TKL,2000,441
Tokelau,TKL,2005,576
Tokelau,TKL,2010,703
Tokelau,TKL,2015,779
Tokelau,TKL,2020,714
Tokelau,TKL,2024,688
Tonga,TON,1990,19954
Tonga,TON,1995,23967
Tonga,TON,2000,28245
Tonga,TON,2005,31622
Tonga,TON,2010,34619
Tonga,TON,2015,40233
Tonga,TON,2020,47094
Tonga,TON,2024,53237
Trinidad and Tobago,TTO,1990,181630
Trinidad and Tobago,TTO,1995,188536
Trinidad and Tobago,TTO,2000,281792
Trinidad and Tobago,TTO,2005,291912
Trinidad and Tobago,TTO,2010,314851
Trinidad and Tobago,TTO,2015,323450
Trinidad and Tobago,TTO,2020,310552
Trinidad and Tobago,TTO,2024,323630
Tunisia,TUN,1990,453179
Tunisia,TUN,1995,466515
Tunisia,TUN,2000,482798
Tunisia,TUN,2005,526777
Tunisia,TUN,2010,569831
Tunisia,TUN,2015,619432
Tunisia,TUN,2020,674089
Tunisia,TUN,2024,715249
Turkey,TUR,1990,1862302
Turkey,TUR,1995,2388133
Turkey,TUR,2000,2673854
Turkey,TUR,2005,2651430
Turkey,TUR,2010,2709646
Turkey,TUR,2015,2727575
Turkey,TUR,2020,2837815
Turkey,TUR,2024,3130337
Turkmenistan,TKM,1990,293445
Turkmenistan,TKM,1995,303119
Turkmenistan,TKM,2000,320900
Turkmenistan,TKM,2005,335113
Turkmenistan,TKM,2010,342391
Turkmenistan,TKM,2015,317031
Turkmenistan,TKM,2020,384184
Turkmenistan,TKM,2024,365787
Turks and Caicos Islands,TCA,1990,2246
Turks and Caicos Islands,TCA,1995,1431
Turks and Caicos Islands,TCA,2000,595
Turks and Caicos Islands,TCA,2005,1039
Turks and Caicos Islands,TCA,2010,2009
Turks and Caicos Islands,TCA,2015,2251
Turks and Caicos Islands,TCA,2020,2470
Turks and Caicos Islands,TCA,2024,2663
Tuvalu,TUV,1990,1265
Tuvalu,TUV,1995,1283
Tuvalu,TUV,2000,1334
Tuvalu,TUV,2005,1300
Tuvalu,TUV,2010,1035
Tuvalu,TUV,2015,1094
Tuvalu,TUV,2020,1164
Tuvalu,TUV,2024,1239
Uganda,UGA,1990,247275
Uganda,UGA,1995,294857
Uganda,UGA,2000,446491
Uganda,UGA,2005,477529
Uganda,UGA,2010,582479
Uganda,UGA,2015,619064
Uganda,UGA,2020,586241
Uganda,UGA,2024,578034
Ukraine,UKR,1990,5528990
Ukraine,UKR,1995,5507530
Ukraine,UKR,2000,5483590
Ukraine,UKR,2005,5401295
Ukraine,UKR,2010,5179224
Ukraine,UKR,2015,4644011
Ukraine,UKR,2020,4353031
Ukraine,UKR,2024,9769216
United Arab Emirates,ARE,1990,61137
United Arab Emirates,ARE,1995,74060
United Arab Emirates,ARE,2000,93827
United Arab Emirates,ARE,2005,86261
United Arab Emirates,ARE,2010,108381
United Arab Emirates,ARE,2015,121499
United Arab Emirates,ARE,2020,142981
United Arab Emirates,ARE,2024,166074
United Kingdom,GBR,1990,3869251
United Kingdom,GBR,1995,3958015
United Kingdom,GBR,2000,3965079
United Kingdom,GBR,2005,4236414
United Kingdom,GBR,2010,4535077
United Kingdom,GBR,2015,4583485
United Kingdom,GBR,2020,4710579
United Kingdom,GBR,2024,4804944
United States,USA,1990,1725058
United States,USA,1995,1860615
United States,USA,2000,2017599
United States,USA,2005,2320398
United States,USA,2010,2774899
United States,USA,2015,2968434
United States,USA,2020,3082359
United States,USA,2024,3186999
United States Virgin Islands,VIR,1990,2348
United States Virgin Islands,VIR,1995,3012
United States Virgin Islands,VIR,2000,3728
United States Virgin Islands,VIR,2005,3474
United States Virgin Islands,VIR,2010,3555
United States Virgin Islands,VIR,2015,3795
United States Virgin Islands,VIR,2020,3840
United States Virgin Islands,VIR,2024,4047
Upper-middle-income countries,,1990,39307550
Upper-middle-income countries,,1995,46664183
Upper-middle-income countries,,2000,53127306
Upper-middle-income countries,,2005,59776982
Upper-middle-income countries,,2010,67944601
Upper-middle-income countries,,2015,69573151
Upper-middle-income countries,,2020,77844594
Upper-middle-income countries,,2024,90466236
Uruguay,URY,1990,178551
Uruguay,URY,1995,186030
Uruguay,URY,2000,202378
Uruguay,URY,2005,256391
Uruguay,URY,2010,272665
Uruguay,URY,2015,256293
Uruguay,URY,2020,259028
Uruguay,URY,2024,263285
Uzbekistan,UZB,1990,1449406
Uzbekistan,UZB,1995,1655021
Uzbekistan,UZB,2000,1813688
Uzbekistan,UZB,2005,1946322
Uzbekistan,UZB,2010,2073283
Uzbekistan,UZB,2015,2061736
Uzbekistan,UZB,2020,2092741
Uzbekistan,UZB,2024,2114480
Vanuatu,VUT,1990,4927
Vanuatu,VUT,1995,5656
Vanuatu,VUT,2000,6184
Vanuatu,VUT,2005,6597
Vanuatu,VUT,2010,6898
Vanuatu,VUT,2015,5840
Vanuatu,VUT,2020,8465
Vanuatu,VUT,2024,15202
Vatican,VAT,1990,22
Vatican,VAT,1995,30
Vatican,VAT,2000,41
Vatican,VAT,2005,52
Vatican,VAT,2010,74
Vatican,VAT,2015,128
Vatican,VAT,2020,284
Vatican,VAT,2024,313
Venezuela,VEN,1990,216183
Venezuela,VEN,1995,248789
Venezuela,VEN,2000,338356
Venezuela,VEN,2005,451384
Venezuela,VEN,2010,550930
Venezuela,VEN,2015,760196
Venezuela,VEN,2020,5477198
Venezuela,VEN,2024,8328514
Vietnam,VNM,1990,1128520
Vietnam,VNM,1995,1362168
Vietnam,VNM,2000,1805287
Vietnam,VNM,2005,2091843
Vietnam,VNM,2010,2339779
Vietnam,VNM,2015,2719796
Vietnam,VNM,2020,3330404
Vietnam,VNM,2024,3693537
Wallis and Futuna,WLF,1990,6650
Wallis and Futuna,WLF,1995,7067
Wallis and Futuna,WLF,2000,7532
Wallis and Futuna,WLF,2005,7617
Wallis and Futuna,WLF,2010,7724
Wallis and Futuna,WLF,2015,11527
Wallis and Futuna,WLF,2020,12231
Wallis and Futuna,WLF,2024,12822
Western Africa (UN),,1990,4733959
Western Africa (UN),,1995,5817272
Western Africa (UN),,2000,5991272
Western Africa (UN),,2005,7012547
Western Africa (UN),,2010,7801378
Western Africa (UN),,2015,9118066
Western Africa (UN),,2020,10347311
Western Africa (UN),,2024,11328701
Western Asia (UN),,1990,9432901
Western Asia (UN),,1995,11159862
Western Asia (UN),,2000,12150630
Western Asia (UN),,2005,13122062
Western Asia (UN),,2010,15843567
Western Asia (UN),,2015,20612157
Western Asia (UN),,2020,24325077
Western Asia (UN),,2024,25440263
Western Europe (UN),,1990,6953771
Western Europe (UN),,1995,8144490
Western Europe (UN),,2000,7559096
Western Europe (UN),,2005,7799384
Western Europe (UN),,2010,8270225
Western Europe (UN),,2015,8471120
Western Europe (UN),,2020,8695422
Western Europe (UN),,2024,9039660
Western Sahara,ESH,1990,168120
Western Sahara,ESH,1995,167018
Western Sahara,ESH,2000,165927
Western Sahara,ESH,2005,131181
Western Sahara,ESH,2010,170154
Western Sahara,ESH,2015,184784
Western Sahara,ESH,2020,193812
Western Sahara,ESH,2024,202107
World,OWID_WRL,1990,140844123
World,OWID_WRL,1995,149554994
World,OWID_WRL,2000,158774470
World,OWID_WRL,2005,175134897
World,OWID_WRL,2010,201989896
World,OWID_WRL,2015,228379578
World,OWID_WRL,2020,252729849
World,OWID_WRL,2024,281955848
Yemen,YEM,1990,388323
Yemen,YEM,1995,490575
Yemen,YEM,2000,533500
Yemen,YEM,2005,668381
Yemen,YEM,2010,1199914
Yemen,YEM,2015,2169838
Yemen,YEM,2020,2240104
Yemen,YEM,2024,2480734
Zambia,ZMB,1990,73861
Zambia,ZMB,1995,116003
Zambia,ZMB,2000,125019
Zambia,ZMB,2005,133582
Zambia,ZMB,2010,134473
Zambia,ZMB,2015,128590
Zambia,ZMB,2020,122981
Zambia,ZMB,2024,122793
Zimbabwe,ZWE,1990,221449
Zimbabwe,ZWE,1995,272384
Zimbabwe,ZWE,2000,321579
Zimbabwe,ZWE,2005,543425
Zimbabwe,ZWE,2010,931334
Zimbabwe,ZWE,2015,1237826
Zimbabwe,ZWE,2020,1390279
Zimbabwe,ZWE,2024,1519324